id,formula,n_atoms,theta,lam,omega
agm116714875,LaTbTmLuAs4,8,117.71,1.15,279.44
agm120525281,PmDyTmThS4,8,155.74,1.4695,309.19
agm109064733,VHgS2,8,112.32,0.8152,373.44
agm004830764,Ce2NdPaS4,8,163.09,1.474,320.06
agm004779594,LaTb(SmS2)2,8,167.01,1.5505,325.27
agm047655311,Nd2PuThS4,8,153.27,1.4785,297.14
agm003162048,CaEuS2,4,215.97,1.582,386.22
agm117581778,PmPrYTm,4,5.95,0.277,211.92
agm019483709,Nd4DyY3,8,6.52,0.286,221.32
agm040817576,Y4Tl2OsRu,8,48.31,0.6522,235.74
agm042912391,La5NdY2,8,7.56,0.301,214.84
agm134206713,Pm2Pr3YTl2,8,25.7,0.4773,208.56
agm005182871,TbYHgAu,4,60.18,0.875,208.04
agm126861279,Nd5YTm2,8,7.67,0.3055,204.31
agm040445045,DyY3Ag2,6,33.95,0.5122,251.8
agm005784663,CeYAu4,6,84.98,1.072,222.51
agm030093316,PrPuRh2,8,98.09,1.0966,249.59
agm042976047,In4IrRh3,8,37.1,0.5046,272.65
agm114811159,TbNdCuRh,8,106.62,1.0221,279.01
agm000999992,Cu3SeI2,6,110.22,0.796,371.62
agm003622686,SrCa2Ir,8,114.07,1.0436,298.91
agm093230573,CaGd(ZnGe)2,6,101.99,0.796,339.65
agm040384553,Ca2PrCu4,7,96.91,0.751,377.04
agm001267492,CaGaAu,3,114.49,1.0816,284.59
agm069494601,SnPd6Pt,8,13.49,0.322,290.71
agm009638011,Pd2(PbAu)3,8,20.39,0.4203,219.34
agm153443744,CdPd5Au2,8,38.66,0.5177,274.93
agm033118294,PmNd(TmSb2)2,8,86.77,1.0217,239.73
agm012602457,Tb2HoPuSb4,8,86.72,1.0352,232.1
agm090091975,ErTm2PuSb4,8,82.53,0.9655,230.47
agm131461189,PmSmHoPuSb4,8,82.7,1.0127,231.34
agm060392786,La2DyBi2Sb,6,82.0,1.051,214.13
agm078647708,CeTm2ThSb4,8,83.34,0.988,230.78
agm050575850,Dy2TmPuTe4,8,87.64,1.0217,228.27
agm039138212,Tb2PrPuTe4,8,93.68,1.1028,230.01
agm077642317,VFeRu,6,63.0,0.5376,399.05
agm030299958,DyEr(PuTe2)2,8,80.07,1.0105,221.18
agm104680705,Pa2HgBi3,6,26.76,0.5274,179.14
agm082591747,La3(SmCo)2,7,76.27,0.7757,268.42
agm005950152,Dy4Zn3Co,8,40.59,0.5227,259.45
agm048028152,Y4Zn3Co,8,50.68,0.5575,320.81
agm136380426,Y4Zn3Co,8,51.41,0.533,316.45
agm004842079,Pu2PaTaN4,8,202.15,1.735,341.36
agm004848244,TbSm2PuN4,8,226.25,1.924,368.94
agm133717287,HoTmPuZrN4,8,230.33,1.8408,392.39
agm001184050,SmPuRu4,6,71.39,0.7864,257.87
agm032365170,PrEr2ThIn4,8,42.68,0.5942,216.99
agm015683363,HfGaNi6,8,37.49,0.4097,399.07
agm002226023,Pr2GaNi2,5,95.67,0.786,318.49
agm040253302,CeZn2Ni3,6,67.36,0.5653,375.37
agm022100676,TbNd2YP4,8,148.91,1.186,341.16
agm046034646,TbNp(PIr)2,6,76.45,0.832,267.22
agm156755890,PmHoTmUP4,8,123.55,1.0983,307.16
agm089899984,NdErTl2,8,24.11,0.484,185.44
agm121492547,Th3Pt2Rh,6,84.39,1.132,215.23
agm145690200,Pm2Nd4GdEr,8,6.48,0.2905,199.46
agm119676663,Nd4C2Cl,7,195.9,1.702,346.58
agm064965029,PuThTlC,4,75.1,0.8912,224.38
agm104977976,SmGdCBr,4,127.94,1.2636,296.34
agm095479665,Pm3Lu,8,7.13,0.3025,199.78
agm003774963,Pm6HoTl,8,14.33,0.3828,198.88
agm050980034,ThZr(ZnGa)2,6,47.42,0.5513,305.16
agm030866291,Ho4ZnCdGa2,8,42.73,0.5557,241.58
agm005874216,La4ZnHg,6,30.9,0.5247,211.99
agm022825445,K2AcCd4,7,60.56,0.7029,247.96
agm131952941,Cs3K2Rb,6,3.83,0.2577,187.28
agm004825376,K2TbUSe4,8,164.12,1.618,286.36
agm001957536,CsPb2Au,4,64.17,0.9178,181.21
agm004806249,NaAc(MgHg2)2,8,65.03,0.7812,228.12
agm103844010,NaNd3Tl4,8,29.67,0.555,197.2
agm069050047,NaLaPb6,8,58.73,0.8418,192.26
agm068886517,PaAlPt6,8,42.25,0.5762,233.21
agm054267536,Mn4Al3V,8,15.62,0.2854,499.32
agm004544840,Ac2Si2Tc2N,7,110.66,1.006,306.58
agm022606039,Ti(Zn2Au)2,7,87.32,0.7374,315.89
agm005791118,CeTiI6,8,124.52,1.384,270.77
agm037443580,Pm4Pr3Nd,8,3.79,0.2522,205.26
agm025144342,La2PmY4,7,9.76,0.3117,232.59
agm022691839,Pm2Pr4Dy,7,5.27,0.2731,204.63
agm133258191,La4Pm3Y,8,6.18,0.2781,208.47
agm050500759,Tb2HoThSb4,8,88.42,1.0307,231.53
agm126076555,YbPr2PaBi4,8,70.07,0.9745,200.59
agm039645477,Pr2NdHg2,5,40.3,0.6398,195.3
agm025144241,La4PmY2,7,8.14,0.3091,216.26
agm156997518,NbV2Mo5,8,42.9,0.4977,337.12
agm035047830,ZrV(GaCo2)2,8,42.01,0.4319,415.0
agm128419410,La3PmY2,6,9.17,0.313,218.74
agm004815350,Tb4HC2F,8,230.78,1.798,382.67
agm022803821,Er2Co2Ge2B,7,87.94,0.7348,353.61
agm009575937,Mg3Sn3Pd2,8,84.71,0.7061,327.03
agm003263073,Mg6CdIn,8,42.54,0.4413,414.96
agm093435272,Ba4MgHg3,8,57.34,0.7987,188.67
agm039917386,CaPr2MgAg4,8,63.43,0.701,268.78
agm003470835,MgAl2Ag5,8,39.46,0.4718,338.61
agm031450965,Hf2MgScP4,8,156.86,1.0352,408.04
agm005016607,LaMgZnGe2,5,86.73,0.7111,339.89
agm078107762,ErCdIn,6,42.42,0.5798,236.51
agm005827404,Ac(CdAu)2,5,67.49,0.8894,212.71
agm022927168,Ba2Nd2Sb2O,7,123.02,1.5285,250.08
agm001146425,Ta2NbMo,4,31.07,0.49,253.37
agm003766932,Nb6GaRh,8,58.27,0.5704,329.73
agm042732842,U2Ga2Pd,5,42.43,0.5488,252.44
agm003476912,Li5Cd2Ag,8,92.27,0.6463,436.4
agm001382719,LiLaSmAl,4,43.48,0.547,282.69
agm054478293,LiPu3Se4,8,139.33,1.4605,267.0
agm003465159,Li2CaAg4,7,108.26,0.8743,358.12
agm004805665,LiHo2TmIn4,8,44.54,0.6076,237.7
agm004841378,Er2TmScP4,8,142.2,1.0757,351.52
agm031182130,LiSc(ZnPd2)2,8,90.15,0.7771,358.74
agm124669902,SmGdSiGe,4,86.03,0.8139,289.45
agm026128865,Y4SiAsSe2,8,150.9,1.2175,351.25
agm116060522,EuSi2AgPd,5,67.12,0.6211,334.3
agm038010045,ErTm(ScRh2)2,8,79.43,0.7797,287.28
agm118323313,DyEr(ScIn2)2,8,43.94,0.5605,259.52
agm005969862,Er4CoRh3,8,69.27,0.7591,251.63
agm082071078,Tb3Hg2Ru,6,67.73,0.8936,213.88
agm068712252,NbB3Rh,10,85.59,0.5068,582.6
agm018355285,CeSm2ErIn4,8,38.82,0.5727,216.21
agm019528183,LiDyS2,8,240.08,1.5604,440.83
agm005973550,Ac3HoIn4,8,46.18,0.6765,193.49
agm081566569,Ho2TmIn,8,28.93,0.499,208.07
agm070133162,PmZrIn6,8,35.38,0.4975,255.44
agm009027777,Tm3(InNi)2,7,52.84,0.6309,257.07
agm002335783,EuHgAu4,6,57.49,0.8296,203.51
agm018332803,Pr2SmErSb4,8,91.95,1.0442,240.87
agm031794804,TbTm2Se3,6,135.66,1.465,277.0
agm041134223,CeDySe2,4,136.07,1.492,282.02
agm026121156,LaPr(ThSe2)2,8,132.07,1.4583,259.52
agm033192086,LaSm(ThSe2)2,8,126.6,1.4492,258.28
agm032989055,Nd2ErPuSe4,8,129.46,1.465,267.21
agm069323794,Pm4HoTm,6,7.12,0.305,197.18
agm019252560,Pm5Er3,8,7.09,0.2995,197.6
agm052075315,Er2MnGe2Ru,6,85.41,0.7841,301.45
agm088405648,Pm4Sm3Er,8,6.58,0.2898,197.01
agm069608880,NdSm5Dy2,8,5.43,0.2792,195.08
agm111143144,PmNd3Hg2,6,37.16,0.5897,194.47
agm077632293,NdGdN2,4,246.68,1.933,391.83
agm004847785,K2NpPaN4,8,203.12,1.5272,373.76
agm077987247,CeSm2DyN4,8,211.76,1.933,392.37
agm108777419,PrHf(PaN2)2,8,213.71,1.7643,359.05
agm004845446,La2HoErP4,8,137.6,1.1703,319.06
agm157747256,Ho4SbTeAsP,8,104.33,1.06,263.53
agm141850214,PmHo2ScP4,8,146.1,1.1073,355.19
agm047457777,SrCe2AsP2,6,149.1,1.261,324.54
agm050953639,CeU2PaP4,8,108.74,1.0105,288.83
agm112397064,HfScUPaP4,8,115.21,0.9745,326.16
agm135297284,TbErPuZrP4,8,121.88,1.1073,325.49
agm005774439,CrTcRh6,8,41.01,0.475,338.16
agm052483574,BaHf(SnRh)2,6,75.82,0.8557,252.05
agm028741637,Tb2PmDyRh4,8,79.66,0.852,246.94
agm003772100,RbBaHg6,8,56.9,0.8389,189.61
agm069812975,LaErPt2,8,91.7,1.1241,222.47
agm047845928,La5Pr2Nd,8,4.73,0.268,204.33
agm082008621,La2PmErBi4,8,76.24,1.0397,203.62
agm026430729,La5Ho2Tm,8,7.64,0.3074,197.9
agm104860677,LaDy(TmBi2)2,8,69.26,0.9835,203.54
agm044670343,La5Tb2Nd,8,4.29,0.259,201.56
agm014159068,LaPm2Ho,4,6.98,0.2987,199.21
agm125650963,La5SmHo2,8,6.86,0.3014,198.89
agm114470080,La2PmPr,8,4.44,0.268,204.78
agm015024075,ErBeIr,6,89.02,0.826,292.73
agm004838424,HfNp(PaAs2)2,8,88.12,0.9385,258.85
agm104904738,TbNd2HoAs4,8,117.83,1.1747,282.0
agm050764985,Y2TmSbAs2,6,114.55,1.066,295.49
agm036259618,LaPu(PaAs2)2,8,100.1,1.0015,253.3
agm077664087,CePr(HoAs2)2,8,118.46,1.1523,282.71
agm001169576,HoCdAg4,6,41.78,0.5452,260.62
agm005578511,Ho3Ag3Pt2,8,71.27,0.88,236.09
agm078981913,Er3In2Ag,6,40.64,0.5727,218.55
agm004809325,BaSr2PrHg4,8,65.89,0.8888,195.8
agm005943136,Sr4InAg3,8,102.33,1.0007,266.59
agm084752926,Sr7Eu,8,8.26,0.3063,215.79
agm015646759,Pr6YEr,8,7.4,0.295,211.71
agm005188500,NdYErIn,4,36.25,0.541,226.8
agm003771598,Pm6YTm,8,7.26,0.2973,204.93
agm048932660,Y4TlHg2Au,8,65.51,0.8271,220.82
agm104089299,LaPr2Y,8,6.92,0.295,218.23
agm039028375,PmSm2Y5,8,7.29,0.2853,233.31
agm017406571,LaPm(YHg2)2,8,44.56,0.6984,202.18
agm032032699,TbY(ErIr2)2,8,60.0,0.7797,218.44
agm003751134,TbYHg4,6,55.07,0.754,209.15
agm158603688,La4Pr2DyY,8,7.82,0.3085,208.76
agm113080665,SmDy2Y,4,4.63,0.2612,207.81
agm040571801,La4Sm2YHo,8,6.83,0.2946,205.06
agm040112821,La6PrY,8,5.65,0.2781,209.42
agm085227318,Nd2Sm4Y,7,5.21,0.271,204.54
agm016497480,PmPrY,3,7.32,0.295,221.21
agm019409418,CeYRhAu,4,124.83,1.2631,261.0
agm004797243,CaEr(SnPd2)2,8,73.25,0.7514,273.35
agm068701219,CaGa2Ni,8,94.9,0.705,399.57
agm052351728,CaHo3Tl4,8,24.29,0.5023,192.84
agm033805685,Nd4Mg2AlGa,8,36.88,0.5174,268.81
agm123672342,Ce2PuSe2S,6,150.09,1.498,280.4
agm118133649,InNi3BiS2,7,78.06,0.6169,395.64
agm004827457,Rb2DyNpS4,8,166.18,1.5668,318.21
agm063321239,CsBaNpS4,7,170.76,1.6288,296.06
agm040157328,Pa4SbTeS2,8,85.36,0.9948,245.88
agm056210525,Dy4Cu3Ru,8,57.1,0.6727,258.56
agm064612154,Hf4CuRe3,8,37.52,0.5586,229.11
agm002207542,Eu(CuAs)2,5,70.56,0.634,333.82
agm100456561,CePa2BiO4,8,162.01,1.6983,299.87
agm042168494,HfMg2Pt3,6,66.2,0.7519,256.6
agm034021515,Mg(NpRh)2,5,65.88,0.7734,256.54
agm015601609,TmMg3Ag4,8,72.92,0.6693,315.68
agm051085130,PrTi(CuSn)2,6,60.15,0.5957,312.26
agm046448306,Ti4VRu3,8,58.49,0.5396,380.39
agm005916607,Ti4RuRh3,8,72.81,0.6229,360.27
agm054061985,Ti3InRh4,8,67.7,0.6382,342.08
agm122265354,TiNb2Zn,8,10.17,0.2854,344.79
agm035813403,Hf2TiZn3,6,28.96,0.4197,297.34
agm006040968,SnBi3Sb4,8,7.24,0.2911,223.47
agm022963220,Pr4Nd2Tm,7,6.63,0.2839,205.62
agm024532301,Pr3NdSm4,8,4.99,0.2732,199.97
agm005205712,PmPrPtAu,4,104.32,1.2873,221.72
agm142374646,Tb2PmPr3,6,4.56,0.2635,204.42
agm151055349,Pr5Nd2Er,8,5.78,0.2778,206.98
agm069748119,PrNd4Ho,6,5.69,0.28,202.4
agm035709807,Li2FeSiRh4,8,133.77,0.8963,417.6
agm001154190,Tm2AlIn,4,31.21,0.4987,240.21
agm004745751,SrLi2AcP2,6,150.22,0.985,369.31
agm084281667,LiPuF6,8,445.2,2.815,637.07
agm032246925,LiAl(SiRh2)2,8,97.65,0.7294,418.44
agm129206347,LiEr2ScSe4,8,164.84,1.4605,335.62
agm006013858,Li3PaSe4,16,202.8,1.546,377.01
agm004805969,LiPm2ThHg4,8,51.09,0.744,199.93
agm003560468,Tb3ScAs4,8,136.57,1.1635,305.93
agm052207102,CaTb(SiAu)2,6,126.05,1.144,290.47
agm004752481,AcPm(SiNi)2,6,80.73,0.727,321.43
agm004752416,PmY(SiNi)2,6,88.69,0.691,384.28
agm004854000,Sm4SiPtBr2,8,125.66,1.4695,258.55
agm001200516,LaTbCd2,4,34.91,0.5534,218.76
agm129312218,V5Cr3,8,9.38,0.2607,462.04
agm006423248,Nd2Sc2Si2H,7,139.54,0.9217,393.97
agm007044764,NdThHC,4,169.88,1.2895,346.85
agm006592469,DyPuH5,7,114.37,0.7216,481.45
agm001618780,NiSbHRh2,5,34.99,0.4075,427.33
agm004810747,Ac4GeSb2Te,8,77.2,1.1072,204.99
agm018464585,Ho4ZnPtAu2,8,74.57,0.9788,215.45
agm104712955,Lu(ZnAu)2,5,85.32,0.9906,267.37
agm044643200,Np2ZnGe5,8,46.33,0.5695,281.03
agm001349313,PmNdZnAg,4,53.51,0.6428,241.06
agm005763892,LaPrZn4,6,53.75,0.5844,301.73
agm152010743,SmZn4Ag,6,41.64,0.478,326.16
agm046609197,DyTh(ZnHg)2,6,47.24,0.6448,227.22
agm022814673,Sr2Dy(AlZn)2,7,61.84,0.5697,334.27
agm018799849,Nd4AsP2S,8,144.98,1.2805,314.07
agm002249281,ScAl5Ir,7,45.19,0.4475,428.71
agm020196537,CeThPdPt,4,97.35,1.0701,224.89
agm090317030,CsK2Rb,8,4.38,0.259,210.9
agm048088829,NdTl(PAu)2,6,84.08,0.946,254.42
agm040247466,Pm2MgTlAu4,8,89.99,1.1234,217.42
agm013688227,NaTlPb,6,74.52,0.95,213.84
agm118186418,NaTbSmTmTe4,8,107.69,1.1387,248.55
agm005773315,PaNbRh6,8,50.12,0.5785,293.1
agm086999261,Sm4GaHg3,8,46.5,0.6708,200.08
agm006103320,Pr4GaPt3,8,97.75,1.0895,236.68
agm055042837,Li2ThTlAu2,6,102.14,1.1668,247.25
agm033200234,Sc2Mo3W,6,78.94,0.736,305.18
agm135857868,LiCa6Mg,8,17.47,0.321,407.1
agm082159981,LiYbZn4,6,79.18,0.6222,361.13
agm035827213,LiNd4ZnCd2,8,42.8,0.5837,244.24
agm005856373,Np2TeF4,7,175.72,1.6426,328.98
agm027859325,AgRuF5,7,366.05,1.933,641.41
agm077730323,Nd4SiTe2Br,8,115.47,1.2625,258.53
agm002242965,GdSi3Pt,5,81.07,0.7026,336.58
agm038247664,Th4SiSeS2,8,119.91,1.2423,260.21
agm095884246,CeHo2ScSe4,8,147.25,1.4335,303.23
agm005188691,ZrScCuTc,4,53.81,0.5421,342.98
agm140525309,ErSc2TlAg2,6,48.88,0.6185,260.97
agm005180650,AcAgSbH,8,65.24,0.7051,278.63
agm077651430,Ti4TcMo,6,45.93,0.442,397.44
agm108599764,TiV5Mo2,8,46.97,0.4534,409.29
agm003553630,K4Cd3Hg,8,89.73,0.9442,267.08
agm003769800,Pr6NdTm,8,5.45,0.2792,206.83
agm002182582,BaYAgS3,12,158.54,1.3078,354.41
agm005213932,NbCoNiPt,4,55.64,0.5605,331.59
agm069373740,Ac5Pr,6,3.2,0.2575,155.15
agm014440797,Pr6Dy,7,5.17,0.2731,207.48
agm069931735,TbPm4Pr,6,3.95,0.2575,202.12
agm082117063,Pm4Pr3Tm,8,5.46,0.2725,202.62
agm153987374,Pr2NdSm,8,4.88,0.2665,204.19
agm036059130,Mg4CdHgAu2,8,91.15,0.8793,288.57
agm015761456,Ce2Nd2SmRh2,7,96.22,1.055,250.47
agm066467532,ErTmMgTl,4,17.59,0.4043,213.16
agm056859360,Mg3CdHg4,8,38.46,0.5733,249.32
agm036522739,CaPm2MgZn4,8,51.81,0.5574,310.17
agm003610871,TmMgNi,6,52.44,0.5611,325.54
agm003195930,NaLa2Se3,6,158.94,1.606,308.62
agm004765686,Na2MnSnS4,8,230.76,1.3638,493.04
agm001144751,NaEu2Hg,4,38.52,0.5833,207.81
agm004999653,NdHoBiO2,5,138.24,1.603,270.64
agm103060947,TmLu,4,3.86,0.259,194.33
agm081744457,Sm3Al2Zn,6,35.31,0.4883,266.89
agm002195285,NdAl2Ir,8,76.53,0.7006,309.62
agm032631572,AlAg2Au3,6,55.72,0.6684,258.69
agm004803129,Dy4Al2ZnIn,8,36.57,0.5118,252.34
agm005185988,NdTmZnAu,4,59.6,0.767,222.12
agm098443055,SmZn2GePt,5,67.41,0.6807,289.41
agm147968979,PmPrZnAg,4,46.48,0.6254,242.18
agm135942885,TbSm2Ho3,6,6.19,0.2875,194.13
agm005205568,NdErGaPt,4,92.24,0.9762,245.12
agm047330266,V4Cr3Ir,8,31.83,0.392,397.9
agm143881821,MnV4Mo,6,42.9,0.433,422.57
agm005857096,Ce2TeH4,7,108.0,0.8038,441.32
agm005725423,CdH2Ir,4,52.42,0.4887,401.53
agm048413576,MnGa(CuPd2)2,8,52.59,0.5288,348.83
agm005215033,PrTlHgBi,4,45.62,0.7075,188.62
agm024259782,Pm2Nd2Sm2Dy,7,5.66,0.2834,197.74
agm020128398,Pm2Nd4DyHo,8,6.55,0.2928,199.0
agm004742607,TbTm(NiGe)2,6,85.67,0.751,319.18
agm082901891,Nd2SmEr,8,6.06,0.2875,198.37
agm035526598,Nd7Dy,8,4.6,0.265,203.85
agm002227124,TmNiGe,12,78.01,0.6922,315.31
agm021596208,Nd4DyHo3,8,6.04,0.2905,197.57
agm004826102,PrTm(PuSe2)2,8,133.21,1.4335,257.02
agm025974383,CeHo(PuSe2)2,8,129.76,1.4402,258.0
agm139602911,LuPu3Se4,8,117.76,1.3952,249.15
agm121056470,TbPm5Ho2,8,5.38,0.2781,198.36
agm153296229,CePm2GdP4,8,135.71,1.1905,326.36
agm096289787,NpSI2,8,126.32,1.318,262.66
agm110031233,Tb2CeThS4,8,165.25,1.5325,312.98
agm030193796,La4YHoEr2,8,8.07,0.3119,203.84
agm013728863,PmYHo2,4,6.23,0.289,207.48
agm003764805,PmNd6Y,8,5.23,0.2702,208.88
agm013094111,Pr4YEr3,8,7.64,0.2995,207.54
agm118772474,Sm6DyY,8,4.83,0.2688,200.54
agm045553034,PmPr4Dy2Y,8,6.53,0.2871,209.15
agm099707898,Pm2Nd4YEr,8,6.31,0.2875,207.52
agm031229279,PmPr4NdY2,8,5.56,0.2721,218.62
agm150236592,TbPm4Sm2Y,8,5.8,0.2815,204.92
agm125025182,Pm(Sm2Y)2,7,4.67,0.2616,211.01
agm118929209,Ba4SbTeIBr,8,116.3,1.6473,227.13
agm001204603,EuBi2Pb,4,49.73,0.7585,181.18
agm026139579,Pr2SmPuSb4,8,87.7,1.0353,232.55
agm055136541,TbTh2BiSb2,6,76.19,0.976,209.27
agm024535759,CeTm2ThSb4,8,82.8,0.988,230.96
agm013603530,Ce2HoPuBi4,8,74.49,0.9993,200.09
agm091041993,Ce5Th,6,7.53,0.304,211.18
agm067414151,PrZrNi2,8,94.17,0.754,338.61
agm004751579,CeTa(NiGe)2,6,63.52,0.6413,324.13
agm153591172,LuCuNi4,6,42.91,0.4677,379.8
agm005775940,AcHoIn6,8,34.21,0.5267,226.23
agm151762777,KH2Cl2F,12,579.83,1.912,924.16
agm018566689,Ca2CeNdIn4,8,52.49,0.6428,246.01
agm039368015,CaSm(TmPd2)2,8,73.93,0.823,251.68
agm007314857,Pr2HIN,5,128.33,1.1942,314.41
agm081457094,Ca2InGa,8,71.86,0.678,316.49
agm004795463,Pm2TmCdAu4,8,86.93,1.1304,210.72
agm110598932,ReMoIr6,8,12.14,0.3265,243.29
agm126773952,SmEr3Cu4,8,51.14,0.6052,260.44
agm036856848,Zr3Cu2Re,6,44.36,0.5431,297.85
agm100002117,GdEr3Cu2,6,38.36,0.5257,237.79
agm013153819,DyPd6Au,8,44.03,0.547,278.4
agm002417415,Sc3BeO,5,267.84,1.2805,606.17
agm037434154,LaTb(DyBi2)2,8,81.55,1.024,204.47
agm046377370,La4TbSmEr2,8,6.64,0.2946,198.16
agm067975665,LaErAu2,8,99.85,1.3289,215.08
agm104047303,LaPm6Nd,8,4.3,0.259,202.65
agm044742241,La3Tb4Pr,8,4.17,0.2556,201.68
agm039029630,La4Pm2PrDy,8,5.94,0.2804,202.28
agm155677468,PrYNpPaP4,8,113.07,1.0487,310.49
agm001229424,PuTl2Bi,4,34.32,0.583,176.64
agm004839929,Tb2PrUAs4,8,118.77,1.1523,272.56
agm144382870,Ac4BiTeAsSe,8,90.82,1.2512,205.06
agm042423310,NdHo(InRh2)2,8,70.73,0.7749,265.8
agm157658110,HoErAg,6,28.69,0.5089,212.96
agm004669774,Cs3Rb(ZnH4)2,14,223.44,1.2576,492.43
agm082819505,Cd4RhAu,6,70.8,0.7425,279.45
agm156279502,ThAgRh,6,65.05,0.7792,242.18
agm070081038,HgPtI6,8,65.78,0.718,256.51
agm043954589,CeNd(TmHg2)2,8,45.3,0.6897,190.31
agm001084298,Hg4PtI2,7,44.41,0.5875,247.5
agm032929234,Er2MgTlHg4,8,50.31,0.6944,206.27
agm001152148,HoLu2Mg,4,6.16,0.274,224.55
agm121133762,TbPm2Mg,8,9.39,0.3175,229.11
agm005182646,SmYMgAg,4,44.09,0.5556,273.32
agm105732380,AcNdGdMg,4,8.79,0.3128,207.17
agm035544401,Tb2SmYBi4,8,82.62,1.0353,210.99
agm005611222,PmDyMg,6,11.63,0.331,236.49
agm005771755,Ti2Mn3W,6,38.02,0.4274,377.01
agm005574759,Ti2(ZnAu)3,8,71.94,0.7418,289.59
agm011431449,Er2Fe2NiGe3,8,59.11,0.595,337.3
agm026219840,ZnFe(CuPd2)2,8,41.14,0.4763,347.88
agm138274561,TbPm3Pr3Sm,8,4.74,0.2657,203.05
agm019032828,PrSmIrPt,4,90.1,1.1174,227.75
agm001220503,Pm2PrTm,4,7.29,0.304,199.39
agm005113899,NaNpS2,4,172.9,1.5415,344.19
agm110938168,Pr2Nd3SmDy2,8,5.77,0.2834,201.75
agm009810805,Pr2Nd3Tm2,7,7.32,0.3061,200.0
agm009283526,Pr2Nd3Tm2,7,7.71,0.3057,200.08
agm120981008,TbPm4Pr2Ho,8,5.44,0.2744,201.77
agm002387843,YbPrBi,6,49.56,0.745,193.44
agm138658040,Pm4PrNdSmDy,8,5.58,0.28,200.18
agm015337990,Pr2Dy3,5,6.45,0.2932,199.91
agm083158536,SrLiSnPd2,5,115.15,0.9717,315.54
agm004795695,LiCe(CdHg2)2,8,58.42,0.7323,228.05
agm004751688,AcHo(ZnGe)2,6,79.44,0.757,279.83
agm004743522,LiTh(SiPd)2,6,111.59,0.9187,346.6
agm003742484,CoPtSe4,6,85.67,0.673,373.17
agm020579700,PrSiAsIr,8,94.63,0.8593,297.71
agm146258254,DySc2In,8,35.06,0.481,284.42
agm041662372,Dy(ScGa2)2,7,67.86,0.6076,343.86
agm012950189,ThSc(SbRh)2,6,75.97,0.8199,272.95
agm004833795,Ce2ErScTe4,8,107.49,1.051,256.61
agm017220656,ZrScZn,6,23.28,0.375,354.05
agm031306981,Tb2SmScZn4,8,47.37,0.5511,280.44
agm042954191,Er2TmScRh4,8,72.28,0.799,264.54
agm034276555,Tb4PrY2Tm,8,8.44,0.3062,211.33
agm038759038,Sm2TmScAg4,8,51.18,0.6463,244.22
agm128916650,CeYHoScAs4,8,130.68,1.1028,321.59
agm100706511,PrEuCd6,8,31.25,0.4863,243.85
agm042331853,Nd4Cd3Au,8,56.56,0.7172,218.44
agm005774408,Tb4SmCd,6,14.85,0.382,206.17
agm069236479,Pm2CdIr,8,68.14,0.9061,233.12
agm092068465,EuInAg2Ge,5,42.68,0.5456,275.15
agm069641037,DyHo6Tm,8,3.95,0.2568,192.54
agm103886770,Pu4HgAu3,8,73.77,1.0843,188.85
agm016757100,Pu2ZnCd3,6,31.04,0.493,228.93
agm095292831,Tb4Sm3Er,8,7.71,0.3051,196.27
agm015295618,Tb2SmHo,4,7.28,0.304,196.53
agm007080352,TbPHRh,4,84.34,0.6001,474.68
agm005801685,USiRh5,7,57.66,0.5778,308.43
agm017548285,Tb2DyErAl4,8,39.68,0.5039,276.7
agm015209278,Er2Al3Ag,6,49.75,0.5503,309.86
agm003438078,Er3Zn2Ir,6,47.92,0.5952,237.19
agm039158402,Er2ZnIr3,6,57.78,0.716,236.83
agm089185288,DyY3Al2,6,32.83,0.4645,296.07
agm037545941,Ho2ErAl3,6,28.76,0.4446,274.38
agm046322269,Zr4Zn3Hg,8,46.41,0.5207,303.54
agm141455334,ErLuAl,6,25.99,0.455,243.16
agm048769402,CePa(AlPt2)2,8,77.29,0.8085,246.98
agm016367687,HoEr3Al4,8,27.61,0.4425,274.31
agm059604274,NaDyHgPb,4,70.56,0.8903,208.99
agm014541340,Na6CdPb,8,95.17,0.7854,332.74
agm110326018,NaPmDyScSe4,8,167.36,1.501,327.85
agm047150588,LaTh3In4,8,38.23,0.583,203.7
agm017065815,TbPm2ThIn4,8,42.29,0.634,217.82
agm002169040,Gd2NiRu,4,71.62,0.7456,259.72
agm037864465,Zn3CuNi2,6,30.75,0.3833,418.82
agm003407125,Pu2BiBr2,5,102.16,1.339,220.36
agm131764132,Ac2PrNd(BiSb)2,8,82.35,1.0757,202.56
agm048015259,ErTm2PuSb4,8,85.35,0.9655,230.67
agm047586585,La2TbPuTe4,8,96.0,1.1095,229.37
agm087904316,La4SnSbSe2,8,129.65,1.3097,257.6
agm137345012,LaPmErPuSe4,8,141.35,1.4762,266.75
agm069793242,PuZrAg4,6,54.54,0.625,256.95
agm001152722,PmZrRh2,4,81.58,0.8385,274.8
agm105803734,GdYS2,8,175.19,1.3882,358.52
agm012484743,La3TbS4,8,178.14,1.582,327.8
agm004829993,CaNd2DyS4,8,186.69,1.5595,354.74
agm077900592,CaTb2DyS4,8,189.58,1.5775,353.09
agm090614181,Ac2La4SmY,8,6.33,0.2927,189.49
agm042889016,CuPd2PtS4,8,96.19,0.6415,442.27
agm033356891,Pm3Hg2Au,6,60.37,0.8594,194.05
agm128143808,PmDy5Ho2,8,4.72,0.2699,194.52
agm091623162,Tb4PmEr,6,6.71,0.298,198.95
agm014073580,SrSm2F8,11,281.18,1.8469,501.07
agm041975901,Ce(VSi)2,5,72.79,0.5637,409.79
agm123725115,Pr5YHoEr,8,7.7,0.3033,209.03
agm042957828,Pm4NdY2Tm,8,7.22,0.2931,212.26
agm121848503,TbPmYTm,4,5.84,0.2838,209.05
agm005706537,Y3Hg2Pt,6,53.37,0.7402,223.41
agm144513441,TbPmSm5Y,8,5.44,0.28,202.1
agm129787723,NdSm5Dy2,8,5.06,0.2706,194.78
agm121170083,Tb2Nd3Dy,6,6.81,0.292,200.66
agm031808307,Tb2Nd5Tm,8,6.16,0.2856,201.42
agm107128537,PmNd2Sm3Ho2,8,5.99,0.289,196.88
agm004771639,PmNd4Ho2Er,8,6.35,0.2909,198.61
agm001217569,Tb2NdTl,4,25.67,0.49,199.98
agm049680075,ThIn3Rh4,8,54.14,0.634,265.82
agm038145789,TbSm2TmRh4,8,66.71,0.834,245.92
agm013742723,Ac(BeIr)2,5,86.41,0.8742,280.9
agm112000122,La3TbPrHo3,8,7.23,0.3025,198.58
agm070345470,La4NdEr,6,7.17,0.295,200.51
agm027482350,La4NdSm3,8,6.39,0.2897,200.11
agm046918613,AcLa2Nd5,8,5.11,0.271,193.64
agm015728188,AcLa6Ho,8,5.26,0.2792,191.79
agm069378513,LaNdBi6,8,39.16,0.655,182.09
agm146680884,LaPr3(NdSm)2,8,4.27,0.2706,203.53
agm039826945,LaTb4Nd3,8,4.81,0.2665,201.44
agm004839197,LaPm2UAs4,8,115.53,1.1455,270.66
agm003601806,AcTlAg,6,51.04,0.7052,196.82
agm001263010,SmCdAg,3,59.75,0.7225,243.22
agm005183183,LaDyCdAg,4,45.26,0.6225,224.78
agm134732297,Pr2NdSm5,8,4.8,0.2702,199.97
agm110655435,BaSr2Tl2In,6,44.54,0.6922,198.22
agm066702070,YEr(AsO4)2,12,362.54,1.8115,648.13
agm075832932,TbHoPuPaN4,8,201.16,1.8362,351.62
agm005843407,InAg2Pd5,8,30.33,0.4255,301.7
agm069218707,HfSbPd6,8,37.04,0.4863,289.62
agm152937992,CdPd5Au2,8,38.59,0.5177,274.97
agm040470758,Ce2ErPaP4,8,126.76,1.1005,312.72
agm016934010,ThNp2UP4,8,101.82,1.006,272.76
agm004846168,Tb2PrPuP4,8,128.83,1.1837,308.19
agm069533954,HfMoRh6,8,43.08,0.4975,307.45
agm034208051,Ca2DyPt3,6,76.49,0.9463,238.03
agm026134572,CaNd3Te4,8,103.65,1.1455,250.29
agm045648569,CaY(TmSe2)2,8,162.08,1.483,309.86
agm047976155,Ca2DyThHg4,8,50.1,0.7476,201.7
agm077638500,BaSr2Ca,4,8.08,0.2995,224.5
agm001203441,Gd2CuAu,4,73.75,0.8569,225.27
agm005708091,Er3Cu2Ru,6,59.87,0.6794,256.23
agm014646487,Ho3ThCu4,8,68.62,0.7638,272.52
agm035322574,TbPr3Sm4,8,5.49,0.2807,199.38
agm008046481,FePd2,6,36.42,0.435,345.77
agm009621998,Ti2(NbMo)3,8,50.97,0.527,335.88
agm069096568,TiReMo,3,42.8,0.5173,295.89
agm022421935,Pr2SmDy2,5,7.13,0.2986,199.61
agm136340927,PrNd2Sm3Ho2,8,6.2,0.2868,196.98
agm099494945,Pr2Sm3Er,6,6.04,0.289,197.69
agm077755620,Pr3Nd2SmDy2,8,5.46,0.2778,202.15
agm148129885,TbPr5NdEr,8,5.67,0.2781,205.46
agm015163410,Tb3Pr4Dy,8,5.87,0.2837,203.67
agm042918485,Pm4PrNd2Er,8,5.48,0.2778,201.81
agm013225443,TbHo2Mg,8,11.63,0.3325,223.69
agm069398091,MgNbRu2,8,80.66,0.7028,348.18
agm065371121,NdSmMg4,6,19.23,0.3445,325.35
agm117669273,GdMg6Sc,8,13.58,0.286,416.77
agm001845214,GdTmLu,3,4.97,0.278,194.89
agm005214595,MgPaInSn,4,44.45,0.5845,247.35
agm034599735,Nb3Mo2W,6,53.19,0.5894,286.25
agm015521169,Tb(ZrGa2)2,7,68.03,0.6453,330.51
agm001120865,Y2GaRu,4,68.48,0.6947,297.75
agm095284710,LiCa(YSe2)2,8,195.67,1.5505,376.51
agm104091633,Li2YbInPb2,6,96.94,1.0265,249.41
agm003186935,Li2MgHg,4,101.61,0.7585,387.68
agm061170436,LiMg7,8,22.93,0.2995,602.39
agm077637926,Li4Cd2Au,7,122.27,0.8854,373.93
agm005956076,Sr4LiMg3,8,26.27,0.4033,314.82
agm042187746,Li2ScAlRh4,8,146.16,0.9221,408.63
agm006661060,LaCeH6,8,156.6,0.7405,589.56
agm006041114,Pu2H4Rh,7,102.63,0.7082,415.13
agm045159972,LaCrSi2Ir,5,81.08,0.7095,336.36
agm097090992,Gd2ScZn3,6,40.36,0.4918,287.39
agm032474810,SmY2ScZn4,8,43.79,0.5025,310.25
agm001328163,NdScCdIn,4,42.22,0.5592,254.48
agm127872553,Ho2ScHg5,8,42.99,0.6617,207.98
agm048557482,Ac4NdZn3,8,24.95,0.4838,194.24
agm003554434,Tm4ZnAu3,8,89.78,1.1407,226.08
agm003412198,Tb2ZnCd3,6,49.37,0.6405,252.6
agm026225958,La2YTmZn4,8,38.67,0.5242,263.48
agm002324799,LuZnPt2,4,71.19,0.799,246.09
agm005576747,Zn2(CdAu)3,8,73.14,0.7521,262.95
agm129206621,Sm5Dy2Ho,8,4.99,0.2725,193.53
agm088600387,ErSeO3F,12,365.56,1.888,601.45
agm034814146,Mn2ZnPt3,6,51.43,0.6126,276.68
agm036209408,Al2VOs3,6,49.44,0.5526,302.27
agm013490803,TbEr3Al4,8,33.23,0.4718,275.33
agm005759906,Sc6AlCd,8,29.5,0.3805,394.95
agm012381380,Mn3AlRh4,8,74.54,0.6235,368.91
agm050769955,LaNd(AlGe)2,6,94.79,0.784,328.81
agm005011929,CeY2HgC,5,127.09,1.2295,292.55
agm052783871,BaZn(CoGe)2,6,75.65,0.639,356.7
agm007076918,ZrSiNiH,4,120.74,0.592,643.13
agm004801943,RbLi(InHg2)2,8,58.47,0.7488,233.99
agm108512232,La5PmPrSc,8,9.35,0.3175,216.52
agm003161618,IrRuPt,3,7.27,0.282,255.21
agm003621100,LaNd2Ru,8,80.13,0.9504,248.4
agm004756782,KNa2AuS2,12,205.97,1.3635,413.02
agm039281426,Nd5HoEr2,8,6.2,0.2894,199.28
agm031231580,PmNd5Ho2,8,4.92,0.2721,200.94
agm043725373,TbDy2,6,7.69,0.31,196.64
agm004824635,Cs2TbThSe4,8,124.06,1.4542,245.4
agm050429168,Ce3TmSe4,8,154.81,1.5077,283.41
agm099638091,Nd2YThSe4,8,140.83,1.465,280.56
agm015083546,SmUP2,8,118.48,1.0735,295.16
agm004846239,Tm2ThUP4,8,119.01,1.0555,290.94
agm092986992,Th4AsPSe2,8,110.27,1.2107,246.59
agm140923822,La5Pr2Ho,8,6.58,0.2882,202.69
agm127491305,La5PmSmHo,8,6.33,0.2912,200.08
agm102613472,La2PrNd,4,4.88,0.2657,203.85
agm022287271,La2Pr2Nd,5,5.04,0.2698,205.54
agm136038233,La2Pr3NdEr2,8,8.69,0.3137,201.72
agm104167038,LaPm5Tm2,8,6.82,0.3006,197.71
agm064094828,ErCrAsO6,9,375.86,1.7404,689.15
agm033869519,LaPm2PrDy4,8,7.13,0.2961,198.71
agm130665398,LaPm3(NdSm)2,8,4.98,0.2714,200.16
agm021868323,La4PrSm3,8,6.22,0.289,200.75
agm094966475,La3Tb(PrNd)2,8,4.61,0.2635,204.6
agm026033366,La2PuThAs4,8,103.56,1.1365,256.72
agm005824853,Ta6CrOs,8,22.94,0.4208,234.42
agm051238978,Rb2CrBr3Cl,7,186.47,1.9216,330.28
agm032035770,RbHg2Pd3,6,61.88,0.724,247.74
agm079045450,Ba6HgRh,8,113.17,1.375,230.99
agm110706694,Gd3Hg2Pt,6,53.73,0.7644,199.62
agm044470002,YHoSb2,4,91.02,0.9925,257.55
agm021316583,Ca2CePmIn4,8,50.19,0.6431,246.18
agm040525183,CaHo2ScIn4,8,47.1,0.5938,249.51
agm004742457,NdPu(CuGe)2,6,71.26,0.73,292.45
agm002307094,TmPd2Pt3,6,46.43,0.6002,239.49
agm103815918,Tm4CuRh3,8,63.31,0.7675,248.1
agm004743727,NdY(GaCu)2,6,76.99,0.7011,327.85
agm119175174,CeZnGa2Cu,5,65.16,0.601,343.53
agm019617254,LaYCuPd,4,101.78,0.9846,295.84
agm003203773,SrHg5,6,33.9,0.565,193.95
agm054398286,TbDy3Ir4,8,58.38,0.7733,212.91
agm005584650,AcLa2Y,4,6.31,0.295,195.24
agm009586797,Pm3(PrY)2,7,5.83,0.2809,218.32
agm069893598,SmYHo6,8,4.28,0.265,198.89
agm017835838,LaNd6Y,8,5.66,0.277,208.7
agm048827769,Tm4AsSeS2,8,134.53,1.3502,295.82
agm145452258,La2PrLuS4,8,162.01,1.537,328.47
agm030599401,PrDy(PuS2)2,8,148.24,1.4672,295.79
agm079059634,Ca2NdTmS4,8,225.35,1.5842,388.26
agm085177390,Ta5Re3,8,23.46,0.4429,221.96
agm087310829,Cd2PdPt,8,49.72,0.586,265.82
agm124028775,TlHgSbCl6,9,174.18,1.402,352.45
agm021716893,Na3Sm(BiS3)2,12,184.51,1.372,370.83
agm044645218,Y4Ir2PdRh,8,66.83,0.772,257.93
agm046021783,Mn2GaFe4Ge,8,39.46,0.4171,441.44
agm096923006,Tb2PmHo,4,6.07,0.286,198.25
agm064978481,TbPmYCd,4,24.88,0.454,225.33
agm037407423,Tb2PmYBi4,8,80.58,1.0442,211.58
agm004840932,Dy2ZrScSb4,8,91.07,0.9407,270.87
agm002176427,DyOF,6,261.63,1.924,444.55
agm004838952,ThZr(NpAs2)2,8,94.76,1.0083,263.65
agm005213488,CePuTeS,4,105.84,1.276,256.59
agm093954383,La3Pm4Dy,8,5.8,0.286,201.0
agm034091679,La2PmDy,4,7.06,0.2972,200.25
agm005589695,La2PmDy,4,6.27,0.2837,200.33
agm036386225,PmHf(CdAu2)2,8,98.54,1.114,225.45
agm003219150,VZnPO5,16,510.99,1.6738,925.12
agm144727850,Pr4AlZnCd2,8,40.87,0.5456,246.7
agm019570805,HoTlSeS,4,129.9,1.2991,270.64
agm043343441,Er3RhPb2,6,63.88,0.8766,205.6
agm002380081,Er6RhPb2,9,64.69,0.9188,206.1
agm003763842,RbRuCl6,8,229.78,1.735,408.41
agm002204763,KSmCl3,10,225.05,2.1985,381.57
agm098261382,Pm3HgN2,6,153.26,1.5265,298.89
agm042090829,Ce2TlS4,7,162.41,1.414,321.59
agm005194298,CaLaTbCd,4,24.75,0.457,234.05
agm004618067,K2Rb3TlCl6,12,220.21,2.236,343.95
agm001160255,LaThHg2,4,42.91,0.6743,180.14
agm003439927,LaTh2Hg3,6,38.86,0.6529,177.2
agm004752564,PmDy(SiAu)2,6,107.29,1.069,267.83
agm082159995,EuScPt,6,79.15,0.8424,250.35
agm053933639,ErSc3Ag4,8,56.58,0.5862,291.31
agm005021995,AcFeCoC2,5,143.78,0.9998,388.54
agm045388263,CePr2HoHg4,8,47.82,0.6965,191.55
agm089698837,Tb2CePuS4,8,162.84,1.537,312.93
agm003393090,Pa2Ni2Ir,5,49.16,0.6133,256.65
agm019029556,KRb(ReO4)2,12,342.08,2.0526,549.9
agm089757940,Tl3BF6,10,279.88,2.266,445.94
agm003192214,FePt2W,4,21.91,0.409,258.53
agm013677703,Tb(PaSe2)2,7,122.65,1.315,268.92
agm001924157,PuGe2Pt,4,55.64,0.7109,250.09
agm003188669,LuMgCd2,4,30.64,0.4634,264.01
agm058659026,ScGaRuPt,4,74.18,0.7225,311.83
agm005687277,GeRuS,6,69.96,0.5431,442.93
agm044579486,LaDy(AlPd2)2,8,98.4,0.8445,303.95
agm133495481,Tb3Dy3HoTm,8,8.12,0.316,196.31
agm146576829,SmTmTl2,8,21.54,0.4711,183.92
agm044611169,Sc6ZnHg3Pt2,12,71.62,0.713,276.13
agm004831381,Tb2CeErS4,8,175.71,1.546,328.33
agm004854624,Nd4PtAuCl2,8,148.91,1.7305,255.42
agm022081558,Tb2PmY4Er,8,9.3,0.3152,225.11
agm004645779,SrNp2(TlTe2)3,12,67.6,0.8605,209.82
agm060925034,LaZrAs2Ir5,9,50.33,0.6284,254.11
agm064066418,HoHfAs2Rh5,9,75.24,0.7393,299.07
agm033263205,Zr3Ga3Ir2Rh,9,81.67,0.7579,298.42
agm052086976,YEr2HgC,10,112.53,1.1875,267.61
agm004519450,La2Sb4PdPt3,10,71.76,0.8208,235.45
agm003290984,Nd5Bi3,16,67.01,0.861,195.37
agm004525691,Ba2Cu4SnSb3,10,73.18,0.7818,281.99
agm003608551,PaGaCu,12,33.63,0.4831,274.77
agm063102861,Er6Ag5Ir,12,55.65,0.6889,227.43
agm136726996,LaBPt3Au,12,77.29,0.8792,242.47
agm001392958,CeTmTlIn,4,36.23,0.5708,199.65
agm060645027,Tb3HoAg8,12,62.69,0.7285,257.77
agm137868889,YEr(Fe4B)2,12,70.65,0.5459,435.5
agm005062790,CuPdRhSe4,14,74.29,0.6055,389.78
agm006067048,TiZn5Rh6,12,64.99,0.5905,351.47
agm004626641,Ac6CuRu2Br3,12,114.02,1.4596,223.27
agm007921371,Er5W2C7,14,147.94,1.043,405.7
agm003292811,Nd5Se6,11,140.72,1.519,284.02
agm003695802,Nd(GaCu)6,13,33.3,0.402,379.47
agm005980520,Ti2NiPt5,16,53.71,0.6107,272.94
agm010181314,NpCl4,10,229.3,1.87,389.76
agm003268223,Cs(NpSe3)2,9,110.94,1.1725,260.78
agm011434486,MgAs2S3Cl2,16,247.44,1.219,554.09
agm042269909,TbCe(DyZn2)2,8,35.59,0.5206,254.7
agm078223134,Be2BRu,16,117.04,0.5725,699.29
agm003214153,Tb2MgS4,14,216.87,1.5223,397.54
agm078891220,La2Be(PdPt2)2,9,112.64,1.147,267.73
agm151467541,TbSmAl2(Ni3B)2,12,94.7,0.6512,425.33
agm091148878,GdGaCo3B,12,75.12,0.6017,405.67
agm134010254,Bi(BPt3)2,9,36.79,0.472,290.1
agm003210635,Sb2Au,12,53.83,0.628,261.0
agm006135362,Th6FeTe5,12,74.37,0.923,215.61
agm006019770,Fe8TcW3,12,45.77,0.4812,357.78
agm003220521,TcBr3,16,152.56,1.1306,381.63
agm005625915,Ga2Sn3I8,13,80.52,0.934,253.85
agm037464088,Tb3Tm3Bi2Os,9,59.75,0.8502,202.42
agm004847719,Pm2ZrPaN4,8,245.37,1.8408,396.56
agm005747962,Th6FeAu2,9,57.27,0.8066,188.07
agm068393249,PmDy5Rh6,12,70.46,0.8086,246.08
agm136306350,Ti9Ga3H2,14,106.52,0.6334,522.82
agm056167547,Pt4Rh4W,9,6.36,0.266,261.92
agm009915091,Ca8(BiP)3,14,134.02,1.1316,326.52
agm158256768,HoErHfZrAs4,8,110.92,1.0645,299.34
agm043164286,Pm3TmPb12,16,53.45,0.7765,184.42
agm154388541,Sm(H3Rh)2,9,136.27,0.607,694.49
agm003211144,HoGaNi,12,61.9,0.653,318.29
agm008937084,Pm3Y2Tl3,16,38.45,0.5917,211.01
agm093768358,Tb3NdY3Tm,8,8.52,0.3081,217.51
agm098018251,Np2HRh6,9,74.63,0.706,301.84
agm006096319,Ce4MgPb3,16,92.95,1.129,224.03
agm009130918,Dy2(YBi)3,16,72.17,0.9203,219.49
agm003352137,Nd3Cu2Ni7,12,61.43,0.5729,353.62
agm004785951,YH4Pd2Pt,8,72.28,0.4885,553.34
agm004744552,ScAl2AgAu2,6,98.46,0.8884,306.74
agm003215922,Ho(Ni2As)2,14,55.83,0.5274,377.49
agm005910633,PuMgTl3,15,21.47,0.4384,200.14
agm055886058,KErSb2Pd5,9,63.68,0.7031,274.44
agm044246675,Na4Ta3NbN8,16,308.28,1.8812,531.99
agm003220794,SrAlSi5N7O2,16,459.62,1.4442,999.8
agm003268196,Lu3Ga5Ni,9,54.01,0.5698,305.69
agm109107389,PmGd3H8,12,142.43,0.7733,502.43
agm038295773,Th2TcP4Rh3,10,79.89,0.7122,318.29
agm110483618,CeSmDyTmSe4,8,146.42,1.474,278.34
agm054119516,PmHfP2Ir5,9,67.04,0.7243,262.02
agm033644689,U4AsP2Se,16,103.11,1.0578,261.81
agm151633327,TlSiBiSe3S,14,97.89,0.8604,307.15
agm123160075,RbH2Pd,16,163.12,0.871,519.73
agm099598346,GdFeNiH6,9,230.96,0.748,839.42
agm043696199,Pr8PS6,15,166.32,1.5049,327.82
agm003499016,Pm(NiH3)2,9,209.32,0.745,851.0
agm009491846,Tb2(YGe)3,16,88.75,0.854,276.82
agm034780140,CrSb2P2Pt7,12,32.11,0.4488,277.48
agm115263653,Ba6IrAu,16,117.88,1.582,230.67
agm049960823,ErPu7P8,16,107.84,1.0735,274.85
agm075756685,Cs2SiPbS4,16,144.91,1.2698,327.49
agm005008973,SmNi2PH,10,131.67,0.8063,462.15
agm010346654,Li4MgPt(RhO4)2,16,419.47,1.9674,696.05
agm052319574,Rb2P2IrRu,12,69.3,0.7033,302.28
agm003620237,CaGa2Ir,16,89.77,0.7952,319.25
agm053739283,CeZr4Pa3P8,16,118.07,0.9902,344.32
agm122342169,Ac4Sb3Te,16,79.69,1.1162,199.73
agm003212963,Li6PS5I,13,262.03,1.3332,582.41
agm118422267,Ac2EuHg6,9,47.59,0.76,185.24
agm013206743,POsO5,14,352.32,1.3705,784.83
agm020265090,Li5In(GeO4)2,16,583.09,2.1422,886.72
agm002161743,Ce(MnAs)2,5,93.95,0.745,352.45
agm002144186,NbCoAs,12,65.66,0.592,385.12
agm004781846,LiSmHf2N4,16,270.32,1.8573,474.47
agm037697399,Er2HfScP4,16,135.23,1.0645,355.5
agm046519398,Tm2HfScP4,16,134.38,1.06,354.99
agm005067236,RbLiDyF5,16,390.68,2.8913,586.03
agm060044665,Pd3Au(Se2Cl)4,16,67.69,0.553,400.82
agm056030771,Hf2MoIr9,12,35.01,0.526,238.09
agm005073055,CsPuSnCl6,9,198.58,1.7854,341.29
agm005063532,LiTaGeO5,16,433.98,1.9628,707.43
agm048166423,Sc4P3Se,16,209.65,1.078,502.47
agm042865149,Dy2Ho3PaP6,12,113.71,1.0765,310.42
agm072329629,Li6NiF8,15,822.5,2.8023,1098.79
agm053833189,ErHfP2Ir5,9,65.61,0.6979,261.67
agm036993271,Tm3Pu(UP3)2,12,116.19,1.0525,293.75
agm102434270,Eu2AlTcO6,10,366.07,1.9663,555.75
agm048521750,LiTm4Tl3Te8,16,78.18,0.9205,229.8
agm033300152,La2P4OsRh3,10,95.72,0.7766,335.86
agm013633083,CeDy2UAs4,8,106.45,1.1005,272.14
agm011553405,LiAs3(PO5)2,16,520.39,1.5261,958.61
agm143171604,Rb2EuPuO6,10,276.96,2.419,415.95
agm152427256,Li4Tl2PbI8,15,134.74,1.4185,277.7
agm035328027,Er2Pu(GaCo)3,9,63.55,0.6038,307.0
agm004826353,Dy2TmThSe4,8,130.5,1.4223,266.87
agm086276425,LiScO2,16,580.36,2.2856,898.59
agm033774652,Hf3Ga3CoPd2,9,77.45,0.7418,300.55
agm048782946,Nd5CoBi2,16,67.94,0.8636,223.02
agm033433239,Th3Ga3CoRu2,9,66.61,0.709,267.25
agm011765438,Th3(CoAu)2,7,88.03,1.0273,226.34
agm003341585,Pa3(BC2)2,9,139.34,0.9263,404.4
agm120654819,KCa(Ag3O4)2,16,286.71,1.906,535.03
agm005067323,NaLiYCl5,16,364.22,2.1323,559.6
agm046627792,PrNd2Pu3N6,12,204.81,1.8985,351.75
agm005508527,Gd2Ga8Co,11,44.01,0.5074,332.01
agm004735358,Na3Li(TlI2)4,16,126.27,1.4909,241.13
agm092281905,Eu3UO8,12,253.74,1.6867,448.95
agm005262022,Li5Mn(CoO4)2,16,586.92,2.1974,965.46
agm003211664,NdNi4B,12,90.41,0.6206,412.11
agm141888281,DyHoTmUAs4,8,100.6,1.069,269.41
agm046849969,Sr3CaNp2N6,12,236.44,1.9744,421.59
agm114357277,Ba3Lu2OsO9,15,250.08,2.2345,410.17
agm033166288,Ac2In(PN3)2,11,257.13,1.5493,463.94
agm111979859,LiTaCl6,16,301.33,1.978,503.12
agm004762316,Rb2LiTaS4,16,174.03,1.4416,353.51
agm004776843,CsLi(YTe2)2,16,109.23,1.1109,269.4
agm005607260,Sc2VB6,9,156.78,0.604,841.04
agm004679126,Rb3Li2NpCl9,15,217.83,2.0013,369.21
agm004717512,NaLi3Ag4F8,16,412.96,2.59,623.55
agm005067072,CsLiDyBr5,16,198.53,1.9803,319.89
agm075839517,PrGdCu10,12,49.41,0.4905,364.58
agm055976415,Ga8Cu3Pt,12,19.57,0.3451,370.41
agm005931996,Ac(CrH4)2,11,226.32,0.7912,793.36
agm047614332,Tb6Pd2Ru3Au,12,81.49,0.9024,239.29
agm005975647,Sm3YH8,12,175.02,0.916,545.03
agm046324676,Tb3ThRu4,16,71.09,0.8342,240.59
agm005745342,Dy2HPd6,9,94.74,0.838,325.98
agm005188387,ZrZnRuRh,4,84.61,0.76,332.59
agm070554595,PuBiPd,12,56.32,0.7765,203.32
agm006131815,MnNi4H5,10,149.3,0.5758,873.53
agm004590749,Rb2AcNb2O7,12,300.94,2.24,458.7
agm007926750,VFe8,9,14.51,0.29,456.86
agm056030418,Nd2TaPd9,12,64.94,0.673,282.29
agm041326628,Ho2PuRu3,12,63.81,0.7525,243.83
agm005051514,ZnInGaBr4,14,158.91,1.358,340.51
agm089811782,Sr3(Hg2Au)2,9,86.77,1.1374,209.78
agm033777469,Pr3NiSn3Rh2,9,84.47,0.8569,271.42
agm035844228,Er3Ni2Sn3Ir,9,67.25,0.7485,263.26
agm112636096,Dy2Ho2Hg3Ru,16,53.71,0.7331,206.57
agm036640478,Tb2Th(InNi)3,9,65.67,0.6906,271.3
agm113506600,YbDy2In9,12,35.32,0.52,240.12
agm004672165,Ba3TiNb2O9,15,339.89,2.2345,497.63
agm060791315,Ce4ErTe5,10,95.42,1.1104,240.92
agm034485176,Ho3Ni2Sn3Ir,9,71.57,0.7547,263.79
agm058694709,Ce4SmTe5,10,97.2,1.123,240.74
agm081997336,Gd6ErTe8,15,93.87,1.0549,239.98
agm092888924,EuInHg,12,50.26,0.708,213.46
agm004671604,Rb3Ge2PbBr9,15,153.61,1.5925,275.53
agm002237472,K2ZnSnS4,8,216.26,1.3274,456.13
agm052002434,Sm2Ga2NiRh,12,94.67,0.8226,304.76
agm062231114,Na3Tb3CeSe8,15,164.61,1.618,321.69
agm058252032,CeTh7Sb8,16,73.04,0.9453,214.61
agm135553494,PuNiGe2Au,10,62.28,0.6947,272.46
agm007047709,LaHBrCl,4,194.52,1.426,400.73
agm063933365,ScTlPbI6,9,88.59,1.024,241.93
agm033360288,Pa3Ga3NiRu2,9,51.91,0.6045,272.8
agm036890242,Th3Zn3NiPt2,9,65.6,0.7595,244.89
agm005606000,Pr2ThCd6,9,38.15,0.552,233.84
agm056336966,Tm6Cu2Hg3Rh,12,53.88,0.7199,221.03
agm002295774,ThNiPb,3,76.0,0.9121,225.78
agm033108350,Tb3In3Ir2Au,9,87.8,0.9957,231.58
agm004689941,Na3CeTm3Se8,15,162.29,1.5601,319.62
agm048261372,Dy2YHoIr4,8,57.93,0.7537,218.34
agm035579366,La3In3Pt2Au,9,82.34,0.9829,228.44
agm043665898,Na3Ir2RhS6,12,182.75,1.1515,427.52
agm004778724,RbNa2CuI4,16,150.73,1.5799,284.57
agm157105924,Th2ZnNi9,12,41.93,0.4709,350.81
agm005674368,Sc4Cd5Co2,11,43.39,0.4956,339.82
agm004687437,Na3Sm3SnS8,15,210.03,1.51,406.93
agm003213454,Y(VSn)6,13,45.24,0.5143,328.34
agm003206599,Ce2CdPd2,10,91.94,0.9542,256.92
agm065584745,Dy5PaRu6,12,71.2,0.8051,247.57
agm048113197,Ca2Er(HfAs2)3,12,129.98,1.141,311.75
agm013725883,NaPr2TlS4,16,164.98,1.4898,334.75
agm005875276,Sc2BiPd9,12,47.56,0.529,305.14
agm041416535,Ca2URu3,12,90.27,0.844,287.24
agm004669039,Cs3Pu(PO4)2,14,236.83,1.8681,391.03
agm114942578,Gd2ThCo2,10,81.75,0.754,282.75
agm003389422,Sr(InHg)2,10,58.69,0.754,221.55
agm033800686,Er4Cu2RuAu,8,80.57,0.8697,242.74
agm050944932,Ca2TbYTl2,12,38.1,0.5566,230.87
agm005697474,ScReOs,12,51.3,0.6149,256.8
agm004623644,K3Cd2PtO6,12,310.09,1.968,508.0
agm004785921,NaCu(AgBr2)2,16,186.21,1.4088,374.73
agm054218386,CaDy4Th3Sb8,16,87.21,0.9948,232.2
agm020659620,La2PrNd4Y,8,6.33,0.2867,209.6
agm006098272,Np(Si2Ir3)2,11,35.15,0.4831,278.19
agm116538334,TbEu(CoGe)4,10,76.15,0.6418,354.14
agm141313887,LaPr(Nd2Y)2,8,7.96,0.2973,215.0
agm005930691,Dy3Si3Rh,14,84.87,0.7866,313.17
agm059701714,Ce6PuNiPb2,10,79.08,1.0082,229.81
agm004838402,Pu2HfNpAs4,8,95.24,1.0375,254.63
agm005828589,CePuSi3,10,78.33,0.7067,321.34
agm003289850,Pu4As3,14,72.84,0.898,220.27
agm005195119,TbSmTmZn,4,21.35,0.4273,220.83
agm034108082,Dy3In3Cu2Rh,9,69.73,0.7167,268.71
agm157330997,Th2InCu4SnGe2,10,49.41,0.5539,289.19
agm046160711,Na3Y3ThTe8,15,111.49,1.1305,270.54
agm035369620,Ho3In3CuPd2,9,72.75,0.7921,262.05
agm002961196,Be2Nb2Ru,10,64.99,0.5265,440.38
agm134567047,Ca3Eu2Bi3,16,73.75,0.9273,219.96
agm002961850,Ta2Be2W,10,71.88,0.6773,317.54
agm104035276,CaEu2Rh,16,116.95,1.267,274.79
agm005668476,Ca3(SiNi2)2,9,97.22,0.6486,462.88
agm043625402,Sr2Ac(ThSb2)3,12,84.49,1.06,220.78
agm118058850,CaGd3In2,12,46.62,0.629,230.33
agm053230517,Sm8Pd4PtAu3,16,100.79,1.2003,234.25
agm078302960,CeIn2Pt3,12,65.5,0.754,240.29
agm027850045,KNaSbCl5,16,268.76,1.9271,461.4
agm110474795,Lu2MoOs3,12,53.36,0.6931,229.85
agm093123440,Lu6Te2Mo,9,68.08,0.8238,224.33
agm005866123,V12Si3Pt,16,65.25,0.5128,463.02
agm134315100,K(VSe2)2,14,176.21,1.1924,404.12
agm003331303,Rb3Tl3Sb2,16,71.2,0.9299,203.26
agm044834163,Cs2PdPtPb2,12,70.17,0.8925,211.59
agm011697632,NaDy2TlTe4,16,90.57,1.0173,239.67
agm053357368,Np2PaPd9,12,49.39,0.607,258.54
agm155137984,Gd2(HoBi)3,16,69.25,0.9231,199.14
agm050838125,TbHoThPd3,12,93.15,1.0296,244.32
agm070230578,CeYCo,12,98.48,0.8395,330.77
agm051278694,Na2SiHgSe4,16,159.49,1.1113,394.62
agm003286160,Pu2Cl13,15,250.66,1.8118,457.59
agm035285410,Tb3Cd3Ir2Pd,9,80.69,0.9354,244.42
agm045673770,La(ThTl4)3,16,15.24,0.4165,181.83
agm087523275,Th3CoTcAu,12,77.41,0.9571,226.22
agm056223133,YHo3Co4,16,80.7,0.7067,315.32
agm004674232,Ba3CaTc2O9,15,307.43,2.2255,492.8
agm002204941,YbCl4,10,256.69,1.8391,428.63
agm003285823,Ag2Cl13,15,196.12,0.9312,574.03
agm004781646,KRb2NaCl4,16,258.67,2.3313,408.68
agm004701188,Ce3Pm3DyTe8,15,103.22,1.1153,240.16
agm089854410,ErLu2Co,16,78.82,0.8067,266.05
agm004524575,Rb2Cd4BiSb3,10,69.36,0.88,232.36
agm093237280,Yb(NdPd)2,10,75.89,0.8537,235.05
agm003409597,RbCd3Ag2,12,49.02,0.6193,257.47
agm003663072,Ac(Sn2Rh3)2,11,42.59,0.5389,274.31
agm004770022,TaTl2AuS4,16,100.39,0.9488,280.52
agm112130944,Sm3Cd3PdPb2,9,77.11,0.9258,229.87
agm026342450,Er4PdRuRh2,8,70.68,0.7797,243.94
agm103525010,Sr(TcSb)3,14,44.81,0.5225,294.8
agm131148065,SrSn2IrPt,10,65.77,0.8161,239.05
agm100593237,Sr2Pd3Au7,12,69.8,0.8445,232.49
agm006107287,LiSc5Rh6,12,104.86,0.7998,362.04
agm007326200,Ce6PuSb2H,10,87.93,0.9475,258.59
agm073028625,Y4Mg2Ge4H,11,115.63,0.8389,384.15
agm141986967,Sm5In3Ag2,10,44.33,0.6126,219.72
agm006370116,Dy3H2Pd9,14,103.86,0.8759,321.2
agm005001212,Pm2BeSiN,10,186.96,1.2792,424.17
agm005924643,AcSm2Pt9,12,57.37,0.76,212.39
agm071068065,TlSbS2,16,103.01,0.9205,312.95
agm144734762,CeAs2PdRh,10,71.82,0.7184,303.65
agm153582091,LaAs2IrPd,10,69.97,0.7495,278.25
agm003456986,Pm(AsPd2)2,14,44.74,0.5175,305.38
agm004728442,Cs4Pr3ScS8,16,138.45,1.2794,302.87
agm006101779,Zn6Rh5Au,12,67.55,0.6264,333.29
agm006117784,Sc5AgS8,14,234.43,1.2839,535.38
agm046588317,Tm2Pu3ZrAs6,12,103.64,1.0615,267.85
agm050300277,PmPu4Pa3As8,16,88.03,1.0026,249.0
agm005194348,AcNdDyCd,4,17.92,0.4298,190.57
agm046489746,Pu7NpAs8,16,92.99,1.051,242.41
agm119781445,SrLiPO4,14,464.18,2.0607,798.28
agm078282797,S,14,14.37,0.25,764.29
agm078014931,Ho6HC3O2,12,229.61,1.6525,382.48
agm005621282,Er2Zn3Ag4,9,49.17,0.562,286.16
agm073027480,Dy3Bi3H2Rh3,11,68.11,0.7387,275.17
agm005236394,Sm2CuGe6,9,60.75,0.597,327.91
agm005260880,Ce2NiGe6,9,71.72,0.6753,336.21
agm078601941,PaBiH2,8,62.0,0.6145,320.44
agm073153806,H2,4,222.02,0.25,11880.93
agm003164380,LiHg3,4,46.82,0.6172,231.18
agm144635323,Hg,12,3.18,0.25,181.21
agm110255527,Hg,5,3.57,0.25,192.72
agm003262983,Li3Hg,8,104.68,0.709,410.01
agm010180013,Ca,6,7.08,0.25,361.23
agm015558237,CaSe,16,205.36,1.645,388.03
agm003157562,NiH,2,119.99,0.511,879.63
agm099340635,NiPt,8,35.85,0.472,297.61
agm057305335,Ni5Pt3,8,30.19,0.4442,324.72
agm001850446,Ni2H,3,107.52,0.511,777.51
agm044907555,Cd,5,4.83,0.25,266.34
agm090956670,Cd,6,4.75,0.25,263.92
agm003288300,Li5Cd2,7,75.51,0.5507,495.47
agm003303481,Li3(CdPd)2,7,119.98,0.8641,385.45
agm003160793,Li2Cd,3,71.65,0.5543,449.21
agm078077459,Li3Cd3Pd2,8,116.27,0.8523,364.83
agm005531340,Er2Ag5,7,43.63,0.5753,257.58
agm003263573,LiAg3,8,76.77,0.6775,339.76
agm082653133,Li5Ag,6,120.94,0.6127,624.36
agm107458661,Li3Ga2Pd,6,155.43,0.874,477.2
agm107071840,Li5Ga,6,90.29,0.499,745.78
agm089261237,Li3Ga,8,98.82,0.5301,660.72
agm005584926,LiGaPd,6,133.23,0.8694,408.47
agm081413619,Li5Ga,6,91.81,0.4834,737.14
agm151172961,HPd6,7,6.1,0.25,354.92
agm005534627,Li5Tl3,8,53.28,0.5586,315.12
agm008107918,Hf4Ru,5,28.02,0.4734,228.56
agm006689724,YH,4,184.85,0.8915,573.73
agm002113850,NiRh,4,38.29,0.4442,381.3
agm003203991,Ni2Rh,6,39.42,0.435,404.75
agm116033846,LiTb3Rh2,6,90.38,0.941,264.9
agm002235835,Tb2Rh,12,86.55,0.9934,245.42
agm003200356,Y2Al,6,26.84,0.4152,323.25
agm002091012,LiAs,4,174.67,1.0013,489.24
agm010207789,Cu3Ni5,8,8.81,0.2534,457.11
agm007600458,Cu2NiH,4,36.58,0.3644,580.55
agm003163991,Li3Cu,4,130.22,0.595,701.3
agm039864586,CuNi,6,9.16,0.256,453.62
agm015465260,Cu,4,8.29,0.25,437.19
agm003177569,LiCuNi2,4,105.5,0.61,499.47
agm006250690,VH,2,246.55,0.763,888.33
agm003201427,Hf2Si,6,36.75,0.52,266.39
agm001417475,HgBi,4,3.4,0.256,189.39
agm069922906,Li6CdCu,8,117.55,0.6167,597.08
agm002283673,LiIn3,4,47.75,0.55,293.31
agm012786058,LiZn7,8,33.28,0.4007,423.26
agm003190765,Li3Zn,4,92.99,0.5012,676.31
agm087590795,Li2In,6,92.19,0.634,460.48
agm081299990,Li5Zn,6,77.87,0.4384,749.85
agm007924621,In,8,4.42,0.25,244.49
agm002154698,In,6,4.49,0.25,241.44
agm095070677,Li2ZnH4,14,553.17,1.147,1421.94
agm090352925,Li5Zn,6,67.33,0.4175,751.82
agm053588370,Li3In5,8,73.64,0.67,329.55
agm107392013,PuH3,8,158.17,0.9124,501.87
agm002094954,Li2O2,4,892.16,2.1477,1321.68
agm002232185,Os,2,4.26,0.25,237.65
agm010158817,MnPt,6,70.39,0.688,285.27
agm081663431,Li2TiH6,9,475.63,0.8479,1589.24
agm006425315,TiH,4,290.22,0.844,957.87
agm081509847,Li2AgH6Ir,10,220.21,0.7378,815.43
agm039197272,Cu7Rh,8,21.45,0.3355,417.41
agm009046578,Li3Au5,8,110.76,1.069,280.11
agm001986680,LiH2Au,4,255.61,1.0312,667.01
agm070215506,LiAu7,8,41.81,0.601,233.52
agm002072596,Au,2,3.9,0.25,216.43
agm088212093,Li3Au5,8,105.31,1.069,279.05
agm120864244,LiCa4Rh,12,92.59,0.6755,403.75
agm002161005,MgPd,2,89.52,0.7077,375.95
agm115356515,Li5Mg3,8,59.35,0.3861,792.41
agm003187592,Li3Mg,4,59.44,0.3738,865.82
agm142770102,LiMg3Pd4,8,123.72,0.8583,397.26
agm007845676,Mg7Pd9,16,98.4,0.7506,373.42
agm090103589,Li3MgPd4,8,125.48,0.8562,414.27
agm038682995,Li2MgPd3,6,120.84,0.8491,409.59
agm008790768,La5Y2,7,7.21,0.2963,216.42
agm024067206,La4Y3,7,9.46,0.3117,224.34
agm113554883,LaY,6,5.56,0.268,228.79
agm003161448,Tl2Sb,3,18.04,0.422,188.45
agm003182525,LiTlSb2,4,76.17,0.7942,254.26
agm003216226,LaGa6,14,47.25,0.5191,340.49
agm006715328,ZnHRh,6,102.23,0.6046,523.78
agm003272372,LaSb,2,92.66,1.105,239.34
agm002924736,La2SbH2,5,100.81,0.844,334.12
agm003190460,TaBe,4,13.47,0.299,374.58
agm002194155,Zr,2,5.69,0.25,291.71
agm002133813,ZrAl2,6,34.38,0.4012,429.19
agm001194313,Zr5Al,6,15.85,0.334,317.61
agm002058941,ZrAl,4,38.61,0.4253,387.46
agm005782685,Li4AlTl,6,89.72,0.6315,464.83
agm003202606,ScIr2,6,62.09,0.7036,253.52
agm003161213,Li2Pb,3,133.36,1.06,346.84
agm001828426,V3Ga,4,20.82,0.331,442.65
agm003200658,Mg5Ga,6,35.38,0.375,506.16
agm003200274,MgGa5,6,26.85,0.375,377.4
agm078634909,CdAs,16,68.56,0.628,349.74
agm002193191,Zn3Ga,4,17.65,0.322,388.02
agm069317956,Zn5Ga3,8,19.31,0.334,382.86
agm071277057,ZnI2,12,130.88,1.159,326.37
agm002201700,Br,8,7.6,0.25,390.45
agm152076589,KCl5,6,270.45,1.4534,515.66
agm088649504,K,5,5.43,0.25,306.91
agm155081161,KGa4,5,65.04,0.5841,368.98
agm080859965,AgCl,8,194.5,1.357,394.26
agm083172862,AgCl,12,179.58,1.3127,392.46
agm003655144,K4AgCl5,10,253.4,2.1838,432.39
agm012496874,K2AgCl7,10,269.9,1.8088,450.24
agm073543740,KBr,6,217.46,2.176,344.21
agm003197085,CrRh2,6,59.01,0.529,363.06
agm117593451,KTe2,6,102.39,1.0475,262.22
agm001981552,Cr2OsC,4,120.63,0.772,437.21
agm005541855,K2Pb,6,111.42,1.156,237.35
agm123691801,Li2BeCl4,7,491.04,2.035,808.22
agm005531095,S3Cl2,10,102.95,0.511,757.52
agm003464841,Li2BeBr4,7,308.14,1.855,523.49
agm069495278,YCl3,16,304.97,1.996,481.44
agm071231508,YCl3,16,278.17,1.996,481.53
agm007363643,KHCl,6,336.17,1.9308,585.55
agm074816619,KH2Cl,12,416.09,1.7575,722.03
agm073946480,KHCl2,12,330.48,1.8363,653.27
agm090076218,KHCl2,16,335.85,1.8602,601.2
agm007898595,Cu5Pd3,8,33.41,0.4075,376.74
agm005741794,Li6CuPd,8,110.94,0.5935,612.59
agm005963345,Li5Cu2Pd,8,154.24,0.8005,575.37
agm048797780,Cu5Pd3,8,31.05,0.3946,363.38
agm008157136,Cu3Pd,8,27.73,0.385,394.61
agm098957033,Cu5Pd3,8,28.78,0.3973,364.35
agm091119620,K2ZnCl4,7,307.55,1.9825,517.02
agm073393125,ZnCl2,9,310.27,1.609,575.72
agm073085191,ZnCl2,9,304.66,1.609,575.7
agm074638031,ZnCl2,9,307.58,1.609,574.5
agm070971008,ZnCl2,6,309.09,1.609,574.12
agm070408886,SiBr4,10,210.48,1.204,484.66
agm003211610,Re2P,12,25.55,0.4089,293.69
agm002155718,KI,4,140.57,1.906,262.53
agm013382815,K2Au,6,137.68,1.4338,271.75
agm003167354,K3Au,4,88.25,1.024,248.28
agm005744481,KAuCl3,10,185.04,1.6926,365.78
agm074396141,KAuCl2,12,212.54,1.7368,358.22
agm084195001,AuCl3,16,121.72,0.808,442.38
agm129316810,K6Au,7,79.77,0.8163,269.6
agm002115139,O2F,6,135.87,0.412,1588.02
agm075856474,LiMnF3,10,594.11,2.6422,891.64
agm005843358,Mn2O2F,5,485.93,2.0482,776.76
agm077930147,MnF3,16,553.4,2.437,870.67
agm075655088,Li2MnF4,14,669.94,2.779,945.98
agm005634252,K2NaCd,8,57.07,0.5804,314.86
agm008913780,Na2Cd5,7,59.35,0.6083,293.48
agm003759262,KNa5Cd,7,53.69,0.5031,397.29
agm095118278,Na,5,9.52,0.25,499.12
agm007655016,KNaCdH4,14,346.79,1.122,791.1
agm124330424,Na7Cd,8,41.8,0.421,422.72
agm070068049,KNaCd4,6,72.33,0.718,284.53
agm098692272,K4Na,5,10.71,0.2896,332.53
agm003167761,Li2AgPt,4,146.71,0.9775,366.34
agm099933417,KTeCl5,14,261.51,1.6648,437.75
agm003201384,NiP2,6,56.38,0.418,636.26
agm050817491,K2HgBr4,14,184.31,1.7512,314.62
agm122057409,KTlCl4,12,235.7,1.996,379.85
agm043225236,K3Tl2Cl5,10,204.58,2.068,330.85
agm003161401,KTl2,3,35.97,0.5911,194.12
agm077806033,GaSiNi6,8,12.74,0.2747,475.76
agm078868963,Ga3Ni4,7,18.84,0.3127,444.55
agm008047401,GaNi2,6,15.89,0.3,441.49
agm008138926,GaNi3,8,15.38,0.295,449.97
agm003204202,Y2Te,6,72.16,0.7374,265.3
agm007826965,Y3Te4,7,106.17,1.042,273.73
agm050554610,Y8Sb7Te,16,105.75,1.0026,280.59
agm014654716,Y4SbTe4,9,108.9,1.0308,276.37
agm073172664,PdI2,9,73.5,0.664,311.07
agm112223337,K4S11,15,246.3,1.2274,530.28
agm012447285,BeCu7,8,21.77,0.3242,468.49
agm134524209,InBr2,6,153.62,1.312,326.5
agm059925693,InBr2,12,142.56,1.312,321.22
agm079099147,Be3Cu5,8,50.2,0.4163,548.12
agm003261140,BeCu3,8,39.51,0.3985,506.93
agm005544307,Ba4Na,5,3.88,0.2596,190.38
agm005530121,Sc2Cd3,5,25.36,0.4027,296.06
agm033486638,K2NaCl3,12,318.89,2.323,492.43
agm048644866,Nb7Au,8,23.87,0.4011,283.47
agm002185132,IrSe2,9,46.06,0.52,323.23
agm088364421,Na4Sn,5,77.33,0.5871,405.23
agm001192620,Ti5Bi,6,27.62,0.394,347.57
agm002169747,GeO2,12,466.94,1.537,854.4
agm003350178,K7I3O2,12,237.88,2.23,362.71
agm002171534,KIO3,10,314.3,1.9456,522.04
agm002181811,MnS2,3,254.97,1.177,607.96
agm002181809,MnS2,6,239.48,1.0446,622.98
agm079164192,Ti6N,7,361.99,1.6,654.61
agm105512002,LiTi3N4,16,480.02,1.726,833.54
agm002032132,ZnCd,4,8.13,0.274,328.43
agm002141134,CaBr2,12,236.92,2.014,373.92
agm071116644,ZnBr2,12,206.97,1.429,420.29
agm012491439,LiV3Ru4,8,99.12,0.7143,389.28
agm003219331,LiNbN2,16,420.32,1.825,747.88
agm005818026,Li6BiSb,8,110.45,0.7248,428.02
agm152594415,Li12Bi3Sb,16,97.38,0.7214,402.33
agm003203753,KHg5,6,39.79,0.6362,190.61
agm158511737,K3Hg,8,98.02,1.0325,261.3
agm081828150,K2Hg,6,102.99,1.1189,254.65
agm051837181,TcPd7,8,10.34,0.295,313.89
agm002156061,LaIr,4,92.29,1.1163,227.45
agm003186057,Fe3Ir,4,29.26,0.4165,346.99
agm001190984,Pa3Bi,4,23.62,0.484,180.13
agm003299787,La7Sc,8,8.74,0.3085,215.33
agm069798474,La2ZnRu,8,95.9,0.9475,280.49
agm063033196,Sc6Zn5Ru,12,49.28,0.4995,386.14
agm081601707,TlSe,8,70.06,0.8777,224.71
agm071424774,Tl2Se,12,94.79,1.087,229.16
agm002185730,PtSe,4,41.9,0.493,310.73
agm014453047,K2Tl3Pt,6,62.0,0.8423,205.7
agm005676799,YHBr2,4,200.85,1.294,419.92
agm011552722,Li(AsO2)5,16,426.27,1.5897,834.36
agm016227652,CaI2,12,156.92,1.744,285.41
agm005534070,La3Ni4,14,89.33,0.7664,323.24
agm002306261,ZrP2,6,126.58,0.7858,453.6
agm003196715,TlCd5,6,6.07,0.2729,242.44
agm002054024,TlCd,8,6.11,0.2909,211.04
agm005839981,Li5Tl2Cd,8,61.79,0.5743,343.22
agm077921443,LiPN2,16,602.62,1.378,1229.19
agm012395201,La(ZnP)3,14,115.56,0.82,420.54
agm071035290,TiBr4,15,237.63,1.528,446.51
agm003198817,Tl5Te,6,14.14,0.394,179.07
agm107273151,KTl2Sb,16,67.29,0.8784,207.76
agm008106226,SO3,8,505.76,1.024,1294.03
agm075835146,RbO2,6,323.85,2.215,524.15
agm081287923,RbO2,3,349.42,2.1364,542.5
agm097239666,K5Rb,6,5.22,0.25,277.3
agm078541022,Rb2S3,10,203.03,1.4613,390.59
agm089910271,Rb2O2,8,315.66,2.2711,460.17
agm005530591,Rb2S3,10,202.44,1.482,387.31
agm095064560,KRb,6,4.24,0.25,236.74
agm091143552,KRb,6,4.59,0.25,233.88
agm002177576,Rb3O,8,256.01,2.608,393.05
agm093602911,Rb,7,3.6,0.25,200.47
agm144727188,Rb,7,3.56,0.25,201.98
agm010203482,Rb,6,3.54,0.25,194.14
agm110054812,KRb6,7,3.87,0.25,202.6
agm135604955,KRb5,6,3.93,0.25,204.2
agm008008342,K3Rb,4,4.87,0.25,261.21
agm093107084,K2Rb,6,4.54,0.25,254.28
agm005595961,K2RbO,8,310.97,2.4266,480.19
agm096922875,K6Rb,7,4.97,0.25,277.84
agm069132838,K3Rb,4,4.98,0.25,261.99
agm005543743,K4Rb,5,4.87,0.25,276.08
agm012264777,K6Rb,7,5.3,0.25,279.81
agm082018394,KRb2,6,4.21,0.25,229.91
agm014762116,K7Rb,8,5.3,0.25,287.43
agm158354425,K5Rb3,8,4.89,0.25,251.53
agm010075217,K3Rb5,8,4.0,0.25,222.9
agm021677718,AcLa7,8,3.78,0.25,193.33
agm137737600,AcLa,6,2.95,0.25,170.44
agm119865391,AcLa3,8,3.28,0.25,185.29
agm002342832,LiPOs,6,95.22,0.7499,385.64
agm004447699,CuCl,8,171.38,0.9304,517.51
agm003298180,TeBr4,10,130.72,1.024,339.2
agm002042305,Te2Br,6,48.42,0.5596,280.88
agm002055284,ICl,4,79.1,0.6357,376.72
agm002156079,LaPt,8,96.22,1.1792,222.3
agm003210853,As2Pd,12,8.44,0.2654,383.31
agm025109239,K3Zn2I7,12,141.19,1.5277,286.92
agm003448475,K2ZnI4,14,142.3,1.5579,267.14
agm070973126,AgI,8,79.01,0.7428,288.15
agm003203586,La5Cd,6,13.63,0.368,209.44
agm009605709,La5Cd3,8,27.08,0.4951,215.05
agm081749242,MoPd4,5,6.5,0.262,314.96
agm003261063,NiAu7,8,17.47,0.3918,230.55
agm002184813,ScSe,4,205.68,1.321,412.43
agm075705218,PbSe,6,25.48,0.448,239.48
agm146953643,K6TeS4,11,200.16,1.5272,401.95
agm012360757,La6In,7,16.31,0.3957,209.19
agm002184900,ScTl,2,17.37,0.3837,239.97
agm003164607,Tl3In,4,8.58,0.322,189.52
agm008223734,Tl5In,6,6.26,0.298,184.33
agm011494938,Tl5In2,7,7.19,0.3076,192.35
agm082738176,Tl5In3,8,9.76,0.334,196.39
agm003158193,Tl2In,3,9.53,0.33,193.77
agm007896236,Tl2In3,5,11.11,0.3364,211.09
agm039638101,Tl5In2,7,7.3,0.3049,189.98
agm007913815,SnAu6,7,17.61,0.3991,219.69
agm002189015,SnAu3,8,29.17,0.511,221.5
agm001850349,Sn2Au,3,48.39,0.6296,244.67
agm106260398,Cd2Ag,6,17.15,0.358,277.06
agm003194897,La3Ag2,5,41.22,0.6122,223.01
agm003187161,LaCd2Ag,4,49.42,0.6235,243.26
agm002211433,Fe2Ni,3,13.21,0.282,469.02
agm010129380,Fe6Ni,7,10.53,0.2676,452.04
agm003295044,FeNi2,6,15.57,0.29,468.54
agm003287328,Zn3Pd2,5,53.6,0.5329,347.05
agm012575526,Zn5Pd3,8,53.07,0.5152,350.46
agm040120828,In2Sn,6,12.37,0.34,243.38
agm157864588,La2C,6,192.88,1.555,351.05
agm002045688,LaC,4,199.61,1.3686,399.96
agm003768112,KTaI6,8,119.33,1.498,264.3
agm003205226,Sc2Te3,10,105.07,0.916,314.16
agm003708933,KSrBr3,10,213.04,2.1175,321.78
agm088914568,KH2Br,16,307.46,1.672,542.29
agm017413473,KSr2Br5,16,196.29,2.098,321.84
agm052097491,Cd(InCl4)2,11,236.75,1.5224,460.92
agm101245165,LiCd2Cl9,12,242.31,1.4085,519.94
agm008146985,CdIn2,6,7.65,0.286,250.48
agm028104104,LiIn2Cl5,16,235.96,1.7053,456.9
agm001075736,K2CaCl4,7,299.38,2.275,484.32
agm027376702,La5InTe8,14,77.05,0.8884,227.32
agm003163763,Co3Rh,4,34.26,0.4,417.68
agm002144641,CoRh3,4,33.69,0.43,349.8
agm003262242,LaMnSi2,8,92.09,0.6862,397.21
agm003203736,Ta5Fe,6,12.61,0.3282,239.24
agm002182447,RbPt2S3,12,122.36,1.0186,313.59
agm142384360,AuI,8,11.17,0.322,257.41
agm009460439,Zr3Cd5,8,30.52,0.439,279.19
agm007034619,KNaH6Pd,9,318.52,1.0134,857.53
agm115869790,InI,8,90.87,1.042,230.44
agm003196095,SbAu5,6,17.54,0.397,222.98
agm010152484,AlCu3,12,32.34,0.3805,465.36
agm003187764,LiAlCu2,4,112.49,0.6421,517.29
agm015143639,ScPt,6,96.19,0.9506,284.15
agm105343341,Hg3I2,10,39.5,0.58,228.67
agm002129133,SBr,4,70.58,0.478,551.96
agm005532127,S5Br2,14,38.24,0.364,625.58
agm003261532,Fe5Pt3,8,38.76,0.4862,321.33
agm010210923,Fe2Pt,6,32.09,0.4251,330.0
agm007928057,FePt7,8,12.88,0.3512,240.93
agm007971143,Fe5Pt3,8,34.2,0.4525,321.37
agm007951932,Ba3Sr5,8,4.56,0.2657,199.32
agm136664347,BaSr6,7,4.17,0.2577,213.64
agm116033209,Ba7Sr,8,3.64,0.2635,169.71
agm107201399,Ba5Sr3,8,5.02,0.277,180.71
agm005542410,BaSr3,4,4.71,0.2635,207.0
agm003203509,BaSr5,6,4.89,0.268,212.09
agm007901516,Ba4Sr3,7,4.78,0.2725,183.61
agm003203501,BaSr2,6,5.57,0.274,201.87
agm008037318,HfAs2,6,92.23,0.8836,301.48
agm010131877,Co4Ir3,7,28.6,0.4146,318.28
agm001851105,Al2Fe,3,44.55,0.382,565.87
agm135890311,Co2Ni,6,10.11,0.259,468.87
agm002195743,Al3Fe7,10,28.22,0.3462,491.14
agm048737400,CoNi7,8,9.46,0.2568,468.8
agm003203652,CoNi5,6,9.34,0.2575,468.74
agm010134955,CoNi6,7,9.74,0.2551,469.23
agm070007015,Co5Ni,6,9.89,0.2575,468.51
agm003194997,Co4Ni,5,10.11,0.2608,468.88
agm005539371,BaSi,8,72.16,0.7395,284.29
agm070057356,SrYHg6,8,42.0,0.6618,204.64
agm005417755,Ba2Ni3,5,62.77,0.5779,352.06
agm075653112,KCrSe2,12,136.0,1.0388,366.26
agm003200059,Ba2Cd,6,73.75,0.922,219.32
agm008032013,BaSn,8,69.81,0.8628,216.66
agm005543911,Fe4Ge,5,18.78,0.3127,445.24
agm126104274,Fe8Ge,9,14.29,0.2878,448.37
agm002235949,Cd4Rh,5,35.84,0.4624,285.85
agm003196678,Cd5Rh,6,28.11,0.427,279.31
agm003162743,BaAu3,4,74.79,0.9925,211.14
agm084854513,Ba3Au,8,120.99,1.735,222.6
agm003210639,Ba2Pb,12,78.27,1.0794,180.82
agm002191845,V3Au2,5,49.07,0.5533,307.13
agm003193324,Sr2Au3,5,99.68,1.2601,220.8
agm003191287,BaSrAu2,4,119.44,1.5257,215.02
agm003261667,Ir7Pt,8,6.01,0.268,234.73
agm038710784,RuPt7,8,5.66,0.268,236.66
agm107694811,BaS3,8,188.13,1.264,411.02
agm076546088,BaS,12,161.11,1.771,303.2
agm073848846,BaS,12,159.86,1.6909,299.67
agm005255606,BaS3,16,181.07,1.3364,388.34
agm003220280,Hf5Ga3,16,48.92,0.6041,256.17
agm008261099,Sm,1,3.36,0.25,185.89
agm003204175,YSc2,6,13.13,0.306,342.75
agm013746827,Ca2La3,5,6.13,0.268,235.22
agm021295653,CaLa7,8,5.49,0.2725,211.47
agm004456383,ScBi,4,69.22,0.7591,255.28
agm003606933,LaScBi,6,60.14,0.7468,229.45
agm050401540,La2ScBi3,6,80.37,1.0,219.97
agm003464816,K2SeBr4,7,193.76,1.657,337.64
agm013807617,Li3AgBr4,8,254.94,1.8183,460.11
agm005286361,HfCrAgS4,14,174.14,1.1164,428.65
agm003190588,CoPt3,4,12.94,0.34,256.35
agm003264300,Co3Pt,8,35.17,0.43,358.65
agm002265168,CoPt2,12,29.22,0.45,268.33
agm003264528,BaSe3,8,141.79,1.3705,283.68
agm158219764,K2SeBr6,9,180.98,1.5532,328.8
agm007836727,Zn3Ni4,7,36.18,0.3949,443.6
agm009183437,Ba3Zn4,7,76.1,0.7328,279.72
agm003183655,ZnNiRh2,4,72.27,0.589,371.14
agm008027216,ZnNi2,6,29.87,0.367,449.92
agm007903625,ZnNi7,8,18.34,0.3085,462.06
agm003257873,Fe5Co2,7,10.04,0.2684,452.0
agm003196818,FeCo2,6,11.45,0.2714,450.25
agm007843474,Fe5Co2,7,11.15,0.2702,451.56
agm002140968,BaCa3,8,9.07,0.2995,274.31
agm111632209,BaCa5,6,8.53,0.283,297.18
agm003290258,Ta4W3,7,60.99,0.7555,220.69
agm003264878,Ta3W5,8,46.86,0.6646,222.0
agm005533607,Ta4W3,7,46.08,0.6157,222.3
agm146311777,Ta5W3,8,36.17,0.5466,221.18
agm117036074,Ta3W,8,33.81,0.5367,219.95
agm014568779,TaW10,11,14.97,0.3706,223.67
agm003204299,LiMnP,6,219.9,0.925,627.41
agm026988781,Li(Mn3P2)2,11,120.71,0.6875,548.34
agm003161293,AsRh2,3,13.68,0.3014,348.95
agm005548147,CrFe7,8,13.81,0.2883,458.23
agm007968258,Y3Au5,8,85.2,1.042,229.49
agm003208495,Rh3Se8,11,43.55,0.4488,385.4
agm002158320,LiCu3O2,12,462.57,1.9672,745.47
agm102703817,LiCuO2,16,571.23,2.1154,870.33
agm003214003,Cu4O3,14,399.18,1.636,706.04
agm002144920,ZrCo,8,90.12,0.6831,383.79
agm006508155,Ba4CaH10,15,187.8,1.0494,513.2
agm005818650,KHg6Bi,8,34.06,0.5824,193.3
agm002314538,ScCu3,12,53.5,0.4824,421.81
agm002184322,ScCu2,6,71.44,0.5624,423.08
agm002201383,SbBr11,12,76.15,0.6595,377.91
agm003185942,Ir3Rh,4,6.27,0.268,251.28
agm101060079,Ir3Rh5,8,9.81,0.292,281.75
agm003298170,IrRh4,5,7.23,0.2644,299.83
agm008049195,Ir2Rh,6,7.85,0.29,257.31
agm002138906,CdBr2,6,164.93,1.393,332.32
agm010183069,BaGe2,6,75.17,0.754,309.5
agm070997842,HgF2,12,223.32,1.57,395.49
agm003449745,Li2HgF4,14,401.5,2.68,632.13
agm077688271,Li2TiF6,9,729.64,2.761,1031.17
agm088920511,LiBeAs,6,185.9,0.7921,627.81
agm003196967,CoRu5,6,17.62,0.33,346.83
agm002242358,BaSiRh,6,115.68,0.961,323.02
agm050254833,La4SbTe3,8,93.75,1.1387,239.26
agm003157686,PrS,2,174.41,1.555,333.14
agm014137181,La2Pr3,5,4.42,0.2608,206.64
agm008004662,La3Pr,4,4.52,0.2612,204.58
agm010215614,LaPr2,6,4.73,0.262,206.87
agm003213916,Mn5C2,14,291.04,1.15,676.46
agm005534385,Ca4Hg3,7,71.93,0.7643,245.34
agm002141438,CaHg2,3,77.03,0.925,221.22
agm003264655,Fe5Si3,8,15.18,0.2844,519.24
agm002239691,AuSeBr,12,20.15,0.3512,325.98
agm078721715,LiScTe2,4,135.16,1.0528,353.9
agm002133560,Al2Os,6,71.78,0.604,371.65
agm002156525,Li2IrO3,12,408.28,2.098,652.88
agm006039848,LiGe3Te4,8,47.97,0.5628,312.26
agm111505712,Ba4P2Br,7,150.46,1.651,272.71
agm146259457,ThI4,10,121.59,1.474,236.88
agm003263633,ZrSc,8,7.98,0.268,335.95
agm002333677,NbCo,8,41.0,0.446,388.14
agm078052048,KHgSb,3,79.35,0.988,230.17
agm002162189,MnBr3,8,209.35,1.519,403.04
agm080858311,PdCl2,12,216.45,1.114,501.02
agm009418918,Hg3Pd5,8,15.34,0.355,258.39
agm009645343,Hg3Pd4,7,15.49,0.3614,251.74
agm005974742,Ca(Mn2P)2,7,91.52,0.5935,505.73
agm099341773,Li2VF6,9,766.69,2.7235,1024.19
agm078647243,LiVN2,16,524.57,1.8115,963.28
agm088467123,NdAl,8,42.39,0.5064,295.46
agm005967006,La(NdSi2)2,7,92.02,0.756,343.89
agm091535934,La3Nd,8,5.02,0.265,202.94
agm069296421,La7Nd,8,4.5,0.259,203.23
agm007939585,La5Nd3,8,5.06,0.271,203.21
agm003203133,CuBr2,6,175.28,1.204,428.63
agm050695653,CuBr2,3,197.21,1.204,428.05
agm049448099,TbY,8,9.79,0.313,225.69
agm017536758,LaTb5Y2,8,6.13,0.286,211.72
agm046172761,Ca(AsCl4)2,11,292.78,1.5745,536.56
agm005418736,Mn2Te3,5,81.74,0.745,323.24
agm002162796,Mn2Te3,10,71.0,0.6743,322.86
agm003262929,ReRu3,8,20.8,0.385,298.52
agm095084762,La2Gd,3,5.84,0.28,200.41
agm008149228,Ta5Ru,6,23.87,0.439,230.35
agm001417658,PuGe,4,55.58,0.6995,227.64
agm080021893,ReCl6,7,265.04,1.384,515.93
agm070937812,ReCl6,7,257.27,1.384,516.08
agm128547744,Zn6Os,7,33.66,0.415,366.1
agm137565316,NaHg6,7,36.15,0.571,202.23
agm002109088,NaHg,4,77.89,0.892,249.62
agm115913294,Na7Hg,8,48.09,0.4908,369.48
agm022909902,La4YHg2,7,40.99,0.6403,205.3
agm105246682,KAlCl4,12,321.44,2.0005,549.69
agm005830035,BiSbTe3,10,9.25,0.3085,237.42
agm088995408,La6Se8S,15,136.46,1.3167,279.74
agm003264690,Ir5Ru3,8,5.18,0.25,261.55
agm003192640,LaYTe2,4,98.82,1.096,257.26
agm002321360,SrIr2,12,75.88,0.8885,232.23
agm102442057,Nb2Te,6,30.22,0.4375,298.03
agm003210645,Ca2In,12,67.25,0.6449,310.52
agm096707166,K4Br2O,7,268.54,2.2236,411.46
agm088527783,RbBr3,8,159.71,1.534,302.14
agm005104938,KRb2Br,4,104.84,1.213,248.71
agm061759241,CaNd,4,7.12,0.2815,244.63
agm002117444,MgO,4,629.58,2.167,964.35
agm077621953,KAsO3,10,404.9,1.843,711.23
agm002176172,CdO,8,312.22,1.825,500.45
agm002924583,Ca2AgH2,5,148.43,0.8391,493.39
agm022472775,La3TbY4,8,9.93,0.322,227.53
agm034627825,Tb2Y3In,6,20.85,0.41,236.21
agm148910249,TbY2,6,8.17,0.298,236.74
agm010210717,Tb3Y,4,6.74,0.295,211.58
agm012402850,Tb3YIn4,8,42.09,0.5959,225.69
agm025290167,Tb5Y3,8,8.66,0.304,218.35
agm047239877,La3Tb4Y,8,5.67,0.2725,206.16
agm015159647,LaTbY2,8,9.05,0.313,225.96
agm013863248,LaTbY2,4,9.58,0.313,225.62
agm124175070,La4Tb3Y,8,5.62,0.277,206.61
agm096773412,La2TbIn,8,36.0,0.556,215.02
agm024864073,La4Tb2Y,7,6.2,0.2809,207.51
agm034334711,Mn3NiRh2,6,69.86,0.5779,381.27
agm001281064,Tb3In,4,35.69,0.556,214.27
agm110024495,La2YIn,8,36.69,0.556,230.17
agm015255319,La4TbY3,8,7.48,0.2995,220.65
agm016040814,La4Tb3Y,8,5.57,0.277,206.64
agm031056104,La5Tb2Y,8,5.35,0.2725,207.23
agm010169100,TbY,4,6.23,0.277,225.63
agm137793741,InHg7,8,6.85,0.2966,193.49
agm052717506,InHg,8,15.8,0.382,208.35
agm114310554,In2Hg,6,11.4,0.349,221.41
agm096832205,InHg7,8,6.91,0.2995,187.88
agm003607849,CaInHg,6,73.59,0.8631,244.65
agm098668100,InHg3,4,7.63,0.2995,206.02
agm070153968,InHg2,3,11.52,0.349,199.62
agm045952652,In4Hg3,7,12.0,0.3394,222.82
agm055362040,InHg3,4,10.9,0.349,195.61
agm095600432,InHg,6,7.08,0.294,210.01
agm130790625,InHg,8,13.92,0.3751,216.41
agm137101551,InHg4,5,8.46,0.3134,197.01
agm024602692,Ca(In2Hg)2,7,44.44,0.6035,236.13
agm003542964,K3SbSe3,14,152.08,1.4343,340.68
agm102719141,Li4BrCl3,8,433.53,2.167,659.74
agm018120310,Ca4Te3Se,8,163.01,1.3412,321.98
agm008061884,Ni4Ir,5,18.82,0.337,379.23
agm003158204,NiIr2,3,14.85,0.337,275.36
agm039163559,Ca4TeSe3,8,184.34,1.5437,363.22
agm019004469,Ca3TeSe2,12,166.66,1.51,355.4
agm002174556,Ca3TeO6,10,419.27,2.116,682.34
agm089816351,K2SbBr7,10,179.93,1.605,331.19
agm005552395,Li2Pb2S3,7,166.09,1.1693,388.55
agm154442155,Ba3O5,8,279.43,2.275,431.89
agm093078607,Ti4O,5,399.85,1.96,658.2
agm143557115,LiY4Zn3,8,46.02,0.5113,322.49
agm006025319,Li4YZn2,7,64.64,0.4846,513.36
agm089807770,LiY4Zn3,8,44.49,0.5113,322.25
agm047868986,LiY4Zn3,8,41.35,0.4898,321.95
agm002041676,BaIBr,6,137.94,1.8628,239.32
agm003206503,Al2Se3,10,191.3,1.096,482.25
agm055170859,YHoCd4,6,38.36,0.5459,250.6
agm005179346,LaYHoCd,4,20.58,0.4236,222.98
agm003299919,LaHo7,8,5.38,0.2792,192.47
agm017458270,La3YHo4,8,8.01,0.3085,202.2
agm010009997,La2Y3Ho2,7,7.44,0.2954,220.08
agm078787085,LaY4Ho,6,6.8,0.2825,236.07
agm008060344,Y2Ho,6,4.63,0.254,232.46
agm008205870,Y5Ho,6,4.9,0.253,246.96
agm131296994,LaYHo4,6,6.65,0.2905,202.32
agm124120499,Y5Ho3,8,4.19,0.2541,230.37
agm001124367,La2YHo,4,9.52,0.325,210.31
agm066136660,La2Ho,6,7.98,0.3085,198.34
agm006077484,YHo5Cd6,12,29.27,0.4881,222.54
agm021296679,La5Ho3,8,7.96,0.3085,198.26
agm006067659,Ba4SbI5,10,125.06,1.7057,221.98
agm006038354,Ca4Te3S,16,155.38,1.348,337.81
agm003295152,Tl2O,12,185.5,1.888,300.36
agm003215806,Tl4O3,14,179.97,1.888,323.23
agm006132270,Ba5TlI4,10,120.32,1.6558,211.76
agm003261873,Ta5Mo3,8,35.74,0.519,245.61
agm003202653,TaMo,6,44.48,0.5916,256.28
agm002146831,CuSe,2,132.18,0.835,444.84
agm003264799,Ta7Mo,8,19.18,0.3985,225.0
agm070237503,SbSCl,12,129.92,0.8575,427.06
agm010192243,TlF3,4,316.66,2.374,507.09
agm073708214,TlF,12,209.74,2.374,323.34
agm081115122,TlF,12,207.62,2.374,327.08
agm089913210,CaTlF5,14,373.18,2.653,572.66
agm083324203,LaOF,12,282.19,2.0467,452.06
agm073779795,YOF,9,351.44,1.9535,568.23
agm014736026,AlZn,8,11.14,0.2695,465.47
agm003190361,AlZn3,4,10.0,0.265,426.57
agm109342737,Al5Zn,6,10.76,0.256,543.53
agm003604290,LaHgH,6,73.96,0.7576,277.95
agm130140385,BaH6Pt,16,196.88,0.8755,613.93
agm071035259,AgF,8,293.52,2.095,446.42
agm078522310,AgF2,6,386.83,2.095,611.07
agm086791966,LiAg3F4,16,369.02,2.437,579.38
agm005738233,LiAgF5,14,564.86,2.437,834.22
agm003201849,BaPd2,6,89.78,0.9574,257.44
agm003187328,BaPd,4,110.34,1.2718,246.83
agm002192843,Yb,4,3.3,0.25,186.25
agm109616842,CaYb2,3,5.91,0.28,210.52
agm095803956,CaYb3,4,6.16,0.2886,197.55
agm002133078,AgSn2,6,6.31,0.268,267.79
agm005925525,La2Y2Ag,5,23.42,0.4428,237.26
agm005649059,CaLa2S3,6,185.11,1.612,369.45
agm015881705,CaLa3S4,8,192.85,1.6045,357.82
agm009469088,La3(AlCu)2,7,73.42,0.7065,300.21
agm002251626,LaAl4Cu,12,74.04,0.5499,419.6
agm005545147,GeBr4,5,175.84,1.105,437.77
agm003084834,KGeBr3,5,196.47,1.6159,350.48
agm073243310,HgBr2,9,140.97,1.114,330.13
agm157163435,KHgBr3,10,158.87,1.5691,301.21
agm003560064,CaPb3S4,8,83.44,0.7742,302.67
agm003196503,CaPb5,6,39.75,0.649,188.82
agm005423881,Ca2Pb,6,98.92,0.9815,255.85
agm091196255,Ba2SeS,4,148.03,1.7575,278.29
agm033722633,Ba3Se2S,12,153.14,1.753,271.35
agm156934058,Tl2SeS3,12,94.72,0.8059,310.41
agm002245839,YPt8,9,26.45,0.462,231.39
agm002176980,VBr2O,8,277.3,1.591,532.05
agm100849924,KVO3,10,488.8,2.1914,764.33
agm095409603,Ca4Cd3In,8,59.22,0.6251,287.16
agm002331225,CaCd5,6,34.7,0.4758,277.52
agm074522384,CaCdO2,12,340.88,2.0845,544.6
agm069467126,CaCdIn,12,71.69,0.709,285.23
agm002088948,InTeI,3,65.38,0.664,284.02
agm003299580,Ga6Ag,7,10.31,0.286,355.89
agm106077988,UO3,8,309.66,2.104,505.74
agm016634738,Ca3LaPt4,8,119.25,1.2383,258.43
agm005821713,Ba2NaAg2,5,84.15,0.9088,248.04
agm006084707,Na3AgH4,16,352.13,1.0657,891.57
agm082156588,LaUO4,12,279.23,2.0777,440.02
agm113203701,PrDyTmPuS4,8,162.84,1.474,309.15
agm002837237,BaSr2H,8,64.15,0.763,246.34
agm078377773,SrCl4,5,246.66,1.797,452.51
agm152534253,K(TcAs)3,14,66.69,0.62,350.78
agm001850294,YLu2,3,5.59,0.27,211.32
agm014230839,CaY3Ag4,8,60.95,0.68,276.93
agm002167440,Sr(NiSb)2,10,84.77,0.7765,310.21
agm005537943,Al6Ir5,11,56.58,0.5768,322.75
agm003219287,Ca3Ir,16,138.13,1.114,325.53
agm073448482,BaHN,9,265.99,1.671,520.07
agm002170432,Sc2SeO2,5,313.27,1.7209,561.02
agm010210428,Sr3Rh,8,100.27,0.9682,268.62
agm002323757,Y2InRu2,5,86.98,0.796,292.45
agm002062463,AsI2,6,62.78,0.5956,331.07
agm003206585,PtPb4,10,5.24,0.2757,199.27
agm079173123,BeAu,4,132.65,0.9484,355.72
agm003084564,KGaGe,6,82.61,0.7705,324.15
agm065130476,LiAl2Pd3,6,108.01,0.7424,399.68
agm070262978,Li4AlPd,6,190.97,0.8345,620.38
agm002176924,Ca3SiO,5,316.73,1.753,547.37
agm005238764,SiO2,15,672.56,1.636,1226.31
agm046168652,La7Ce,8,4.02,0.2538,205.25
agm002363962,LaAuO3,10,263.6,1.7461,450.59
agm034201679,CaLa2Au3,6,85.48,1.149,213.96
agm003165899,Y3Tl,4,14.92,0.37,234.29
agm007843116,Al2Cr5,7,13.92,0.2768,513.1
agm074299383,BaPbO2,12,216.64,1.9618,359.93
agm106004815,BiPb7,8,7.68,0.3198,174.06
agm002261154,Ca2Ga3,10,95.54,0.7013,373.84
agm003186302,Li2ZnAu,4,145.02,1.0812,374.35
agm003196145,ZnAu2,6,45.18,0.5704,253.19
agm002193399,ZnAu3,4,52.59,0.6505,240.96
agm039978276,Li2ZnAu5,16,111.61,1.0188,272.11
agm082031513,Li(ZnAu)2,5,112.66,1.0664,304.85
agm002693361,LiAsRh2,4,114.89,0.8414,385.49
agm002938078,La2HgO2,5,148.77,1.654,277.39
agm005859964,Ba2VS4,14,199.65,1.5003,369.31
agm014399879,HfSc3,4,6.8,0.2635,312.66
agm002133633,ScAl2,6,39.02,0.375,526.65
agm003164429,HgPb,4,15.65,0.3985,180.89
agm068021799,Ba2HgPb,8,89.95,1.2912,188.61
agm079005616,HgPb7,8,8.2,0.3243,176.11
agm090405692,PdSe2,12,49.76,0.502,388.96
agm002185718,Pd3Se,8,24.74,0.385,329.76
agm002272298,ZrFe5,6,38.61,0.43,419.06
agm002168737,NiTe2,6,25.77,0.3966,325.48
agm005775622,LiY3Cd2,6,40.8,0.5131,284.13
agm002157896,LiCdGe,9,112.26,0.8424,372.54
agm032154398,LiY2Cd3,6,61.21,0.6231,293.49
agm002189300,Sr2Bi3,5,72.3,0.9837,200.85
agm011919134,Sr5Cd2,7,35.88,0.546,238.83
agm077978781,MgSn2,3,48.27,0.562,298.73
agm005870494,Ba2Al2Ir,5,82.02,0.8322,287.42
agm012999525,Ti2Zn3,5,17.42,0.316,417.67
agm068860917,BaTlCd2,8,48.83,0.6517,215.7
agm003120781,BaCdO2,16,267.95,2.1215,420.8
agm002187856,SrSiNi,12,117.21,0.8085,398.34
agm036962268,CaMg3Tl2,6,41.29,0.529,288.2
agm002286785,CaMgTl,12,65.56,0.6406,285.27
agm002153687,Sr2H6Rh,9,252.06,1.024,670.05
agm003165073,MgOs,4,47.34,0.517,298.68
agm006417723,La(HPt)2,5,93.1,0.7154,390.21
agm003203447,PtAu5,6,8.94,0.315,218.8
agm002078621,LaHPt,6,134.97,0.934,356.66
agm013578837,La2Pt2Au,5,85.15,1.1075,219.49
agm089842480,CaMgH4,12,542.51,1.2012,1226.7
agm003185299,Cu3Pt,4,26.57,0.3925,344.14
agm003161368,CuPt2,3,16.45,0.364,265.31
agm095236344,TaH,4,167.95,0.88,481.62
agm085101437,Ta2H,6,129.72,0.88,421.04
agm008218720,Cu5Pt,6,24.53,0.364,369.46
agm008218439,CuPt5,6,16.4,0.364,245.02
agm005750889,LaH2Cl,8,175.11,1.0208,486.07
agm151408095,SiAu2,3,69.91,0.7437,290.23
agm083705702,Si2Au5,7,33.94,0.5004,269.56
agm002144607,CoPd3,8,25.76,0.394,336.78
agm006688324,Ba(VH4)2,11,282.87,0.8583,898.98
agm003204145,Zr5Rh,6,32.66,0.4525,293.75
agm123111975,Ba4S3Cl,8,177.69,1.9015,302.93
agm129152483,Hf5Zr3,8,5.3,0.2646,232.74
agm008010200,Sr2Ca,3,6.07,0.265,254.33
agm003293531,SrCa,4,6.13,0.2612,273.39
agm003290430,Sr5Ca3,8,6.7,0.2725,258.85
agm080653407,AgOF,12,319.7,1.8389,564.63
agm005555349,Ag2O2F3,7,379.2,1.8619,629.25
agm005758562,La2InSb,8,80.85,0.9247,236.72
agm002342406,LiSnIr2,4,78.4,0.8144,275.92
agm009693817,Sr5Zn2,7,44.15,0.565,265.32
agm002154810,In3Ir2,5,30.57,0.466,249.15
agm002324466,SrZn3,12,50.72,0.5063,340.46
agm011751016,Sr3Zn4,7,76.31,0.705,322.05
agm051718076,Sr3ZnSi3,7,102.56,0.835,370.51
agm125519512,ZnAg,8,24.11,0.376,336.62
agm003190337,ZnAg3,4,12.36,0.313,313.04
agm113193532,Zn3Ag5,8,23.38,0.376,324.65
agm078450645,Zn5Ag3,8,22.38,0.3655,350.41
agm009011689,Zn3Ag4,7,30.62,0.406,330.1
agm002193352,ZnAg3,8,22.08,0.376,314.11
agm070358871,BaAl3In,5,60.97,0.5697,340.41
agm003262931,Tc3Rh,8,29.19,0.421,329.98
agm016291792,CaMgRh,6,128.49,0.9947,395.76
agm034999101,La3Al2Cd,6,41.42,0.547,256.34
agm008050112,TlPb2,6,33.89,0.605,175.15
agm007952256,Tl3Pb5,8,18.17,0.4364,174.66
agm007854832,Tl4Pb3,7,31.07,0.5847,175.74
agm144318721,TlPb,8,28.73,0.5695,175.37
agm037535480,Tl2Pb3,5,30.19,0.5908,175.26
agm003190301,TlPb,4,15.59,0.4098,175.06
agm005541556,AcO2,6,239.41,2.0551,378.7
agm005658717,CaHPd,6,158.78,0.79,583.49
agm048440549,Na5Sr3,8,6.81,0.2602,324.93
agm003609382,SrPRu,6,105.44,0.8148,370.6
agm003160595,SrPAu,3,115.18,1.204,285.97
agm003262461,Cd3Ga,8,10.51,0.304,279.87
agm071022484,CdSe,16,132.32,1.024,339.85
agm082459161,NaMg3In4,8,64.98,0.6175,331.12
agm001417301,MgIn,4,47.68,0.532,331.25
agm008001863,NaIn,6,71.45,0.675,316.85
agm003197527,MgIn5,6,18.58,0.3675,267.73
agm003296173,NaIn3,8,68.48,0.675,277.63
agm008067168,Na2In,6,73.11,0.6325,351.51
agm017560801,La2Sm,6,5.81,0.285,200.49
agm004455775,SeI,16,13.58,0.316,349.28
agm003299904,La7Sm,8,4.39,0.2657,201.68
agm022866951,Ca3(NiP)2,7,175.16,0.964,496.0
agm002232736,CaNiP,3,174.79,0.964,488.78
agm121541897,BaF6,7,369.62,1.795,638.65
agm088600288,SbF3,8,401.96,1.987,671.96
agm153584070,BaF4,10,305.69,2.0064,536.29
agm128561924,BaF6,14,340.33,1.6405,668.21
agm086227328,SbF3,16,400.62,1.987,658.79
agm153693080,BaF6,14,353.07,1.9186,614.87
agm003298700,NaSr5,6,4.93,0.2543,239.32
agm003263137,Ba2NaO,8,132.27,1.5084,272.59
agm092026363,BaNaO4,6,407.1,2.0716,617.99
agm136634462,NaO4,10,557.34,1.756,1011.99
agm070542291,PbBr2,12,78.05,0.817,263.08
agm073533687,PbBr2,9,78.12,0.817,263.32
agm084145121,NaPb3,8,63.68,0.88,201.17
agm001280088,SnPb3,4,15.52,0.4165,186.28
agm056991951,SnPb7,8,6.7,0.3055,180.25
agm015283831,Ba2SnPb,4,86.14,1.1227,197.87
agm126317191,Ba2SnPb5,8,66.7,1.0276,186.05
agm002159544,Lu3Tl,4,15.66,0.4075,196.68
agm070413798,TlSn2,6,19.18,0.4148,215.6
agm006069265,La4TlSn3,8,64.66,0.8255,220.79
agm005490377,Lu3Tl,8,15.99,0.4075,196.16
agm001147537,LaLuTl2,4,24.5,0.4968,189.04
agm008157918,Tl5Sn,6,10.14,0.3492,181.07
agm041017337,LiZr2Rh3,6,126.76,1.0135,345.71
agm020210351,MgPd2Au,4,87.44,0.8035,301.58
agm002326318,ZrIn2,12,34.09,0.475,272.19
agm005750407,MgPdAu6,8,43.11,0.5777,239.66
agm001280779,Pd3Au,4,23.63,0.403,278.74
agm145395266,Li2MnCl4,7,425.82,1.9921,659.15
agm007822886,Mg2Au5,7,78.51,0.8299,250.97
agm003466570,MgPd2Au5,16,45.08,0.6287,250.31
agm043601871,Ti2Al2Cu,5,32.34,0.3703,488.54
agm008106843,Ti4Al,5,11.62,0.2752,469.34
agm006078382,Ba7As4O,12,125.41,1.445,257.64
agm003190286,TePb,4,24.17,0.457,209.14
agm003198396,OsRh2,6,9.05,0.29,286.78
agm003216744,Ge4Rh,15,21.21,0.3523,368.77
agm006108190,Sr8Sb5I,14,115.37,1.2113,250.22
agm083135274,BaClO2,8,242.73,1.951,431.2
agm003307857,Na2Zn2Se3,7,203.03,1.3624,424.58
agm002189065,Hf2Sn,3,49.78,0.646,229.05
agm050164187,La4Mg3Al,8,24.73,0.4151,274.88
agm003304336,Ba3(BrO)2,7,206.62,2.3788,329.94
agm003264715,Al3Ag5,8,27.76,0.394,351.61
agm157927723,AlAg3,8,18.82,0.346,328.06
agm003264863,Al7Ag,8,23.24,0.322,511.47
agm003264734,Al3Ag5,8,23.85,0.37,351.4
agm003264868,Al7Ag,8,23.21,0.322,511.86
agm003195028,Al3Ag2,5,33.87,0.4036,401.31
agm003262144,AlAg,8,32.78,0.418,377.31
agm005284410,Mg14AlBi,16,27.01,0.3524,467.15
agm003201824,NaZnSb,6,106.7,0.8482,341.03
agm003157882,Sm2Mg,3,7.56,0.3031,234.04
agm068594726,LaIn3Ni,5,58.33,0.6422,268.62
agm002227172,LaIn4Ni,12,46.17,0.564,268.32
agm002272887,FePd3,8,29.13,0.4165,335.94
agm002347326,NaCdBi,6,73.25,0.8386,248.8
agm016610598,Na(InCl2)3,10,239.34,1.798,420.83
agm119191984,BaCdHg6,8,32.06,0.5567,190.05
agm068977545,Cd2Hg,6,17.82,0.3895,235.72
agm129295689,CdHg,6,21.83,0.4244,220.09
agm117786169,CdHg7,8,9.21,0.322,202.16
agm096965220,CdHg3,8,11.64,0.3515,206.73
agm103990743,CdHg3,4,12.32,0.3546,210.64
agm099689784,CdHg7,8,9.27,0.3198,209.7
agm005542245,CdHg3,8,11.86,0.3515,198.22
agm123711646,Cd3Hg5,8,16.41,0.3895,208.16
agm044633944,CdHg7,8,6.77,0.3007,189.01
agm003196564,CdHg2,6,18.92,0.4205,202.84
agm077915241,Ba3CdHg2,12,52.39,0.7943,184.7
agm007921233,Ho3Tl5,8,21.72,0.4548,189.6
agm005124260,InHg2I,4,41.97,0.646,205.43
agm048793227,Zr5Os3,8,51.36,0.6125,256.67
agm136868246,Ba2InHg,8,51.04,0.8077,190.12
agm076006351,BaPtF6,8,357.33,2.197,553.32
agm106824233,LaSnHg2,4,45.93,0.661,206.37
agm003161194,TaSe2,3,139.41,1.195,321.91
agm003198428,Zr5Os,6,25.15,0.4354,273.3
agm048280847,Ba2PtF8,11,342.63,2.4595,484.17
agm073031204,SmH,4,154.49,1.0446,388.44
agm001280911,CrPd3,4,44.25,0.493,336.08
agm050207768,Cr2Pd9,11,32.14,0.4267,328.77
agm078421876,HfIr,4,64.53,0.817,228.02
agm039509683,K3RbI4,8,157.77,1.906,261.26
agm002321554,Te2Pt3,5,16.19,0.358,248.92
agm002217063,Ba2In3Ir2,7,65.71,0.8244,231.96
agm104587066,In2HgCl2,5,147.95,1.231,300.95
agm005743722,Na6InHg,8,77.19,0.682,340.42
agm034654793,Na2InHg5,8,57.3,0.7386,214.81
agm010193153,Zn3Pt,8,50.99,0.547,328.13
agm007813386,Zn5Pt2,7,52.53,0.547,321.82
agm010213791,ZnPt2,6,33.95,0.502,262.23
agm003161296,AlRe2,3,18.56,0.3736,276.97
agm003437070,Sr3Tl2Sn,6,47.79,0.6838,208.17
agm012268230,Sr3(Tl2Sn)2,9,55.65,0.7688,209.87
agm005953808,Ba4Hg3Au,8,59.09,0.9076,179.57
agm069588652,Nb7In,8,10.41,0.2939,301.02
agm088421037,Ba2EuHg3,6,56.55,0.8872,183.96
agm003191339,Li2CuAu,4,149.86,1.1294,381.5
agm003262957,Cu3Au,8,53.06,0.538,339.79
agm005547696,CuAu6,7,19.52,0.4146,222.87
agm003190385,CuAu3,4,30.4,0.49,243.74
agm002386845,Na(MnAs)2,5,122.31,0.8134,415.99
agm002165996,NaMgBi,6,90.98,0.8765,291.28
agm006098331,Sr4PbS5,10,178.87,1.4686,348.71
agm005493037,Pb3Au,8,11.71,0.358,191.65
agm025840497,Pr5Pb2S,8,101.34,1.2512,227.18
agm003610565,SrPrPb,6,82.27,1.0849,207.36
agm002234853,PrPb,4,81.75,1.09,196.57
agm081791358,MgZn2,6,51.53,0.4604,429.71
agm003165175,Mg3Zn,4,41.24,0.403,496.27
agm017010954,MgZn3Pd4,8,64.68,0.6094,348.13
agm069726608,MgZnPd2,8,87.69,0.733,365.18
agm014936339,CaZnPd,6,109.86,0.9213,357.18
agm005945978,Ca3MgPd3,14,124.55,1.006,353.17
agm005674008,KTe2As,16,79.74,0.7849,295.16
agm107037512,In3Pb,8,19.85,0.415,221.35
agm069411060,In7Pb,8,14.81,0.3738,232.57
agm002088774,InPb,2,28.57,0.4975,201.71
agm104986064,InPb,6,10.39,0.3325,201.67
agm007911291,InPb7,8,13.25,0.3738,183.33
agm008146572,In2Pb,6,31.34,0.525,214.92
agm078281554,InPb5,6,16.54,0.415,182.35
agm002110467,NaSi,4,154.49,0.7201,643.89
agm039641597,CaTe6Pb5,12,42.68,0.5875,220.46
agm035371808,La2TlPt2,5,86.06,1.1207,220.76
agm071274700,KRbH2,8,270.78,1.492,540.4
agm002250065,LaAlPt,12,102.66,0.9806,269.3
agm008091805,GaAu2,12,53.65,0.6038,255.63
agm109334035,Li(CuTe)2,10,113.41,0.85,369.12
agm103268782,Te4Rh,5,19.84,0.3715,297.81
agm015016453,FeF3,8,486.31,2.185,854.22
agm005911405,La4CuIr2,7,107.99,1.0932,252.3
agm005696478,LaCuIr,6,73.71,0.79,258.21
agm002145292,CrBr3,8,190.1,1.42,415.77
agm001281256,Nd3Eu,4,5.6,0.277,200.09
agm005502483,Li2FeF6,9,729.31,2.6221,1042.32
agm003164168,Mn3Fe,4,28.27,0.355,479.59
agm003197689,TcIr5,6,11.09,0.325,245.99
agm003197687,TcIr5,6,11.67,0.325,246.01
agm002234820,Pr2Hg,3,35.47,0.5797,197.27
agm002204574,CeAu4,5,61.25,0.7825,215.65
agm070420057,LaAl3Ag,5,55.99,0.5209,364.04
agm045959118,La4AlAg3,8,55.54,0.6666,237.61
agm131230676,La(AlAg)2,5,58.48,0.574,324.03
agm016560674,La2AlAg3,6,74.06,0.758,270.72
agm005899857,Ca2La5Y,8,8.35,0.307,228.53
agm007823797,Mg2Pb5,7,41.91,0.6434,207.53
agm003188112,Tc3Os,4,13.18,0.3175,297.74
agm032002758,La2Al3In,6,54.31,0.5713,304.75
agm157971966,Ag3Au5,8,36.11,0.5245,238.07
agm003203285,AgAu2,6,40.19,0.555,235.67
agm096317831,Ag5Au,6,26.72,0.433,275.15
agm066884582,NaGeI3,10,150.57,1.4693,290.82
agm144647350,Mg3Cd2,5,34.72,0.4324,365.21
agm070597635,LaMgCd,6,41.86,0.5344,271.27
agm002160318,MgCd2,6,30.08,0.421,311.87
agm009441740,La2Mg3Cd2,7,38.51,0.5033,288.65
agm139297492,La4Mg3Cd,8,26.99,0.4313,254.4
agm003273380,MgCd2,6,33.68,0.44,312.75
agm078310531,MgCd,6,37.37,0.44,343.84
agm003625270,Hf2TeH,8,126.93,1.0254,339.45
agm003268188,Hf5Te4,9,56.49,0.73,235.36
agm005266584,Mg2Cd,6,39.03,0.44,389.7
agm001008801,SrHPt,6,151.15,0.9538,421.96
agm003439145,BaNd2Tl3,6,30.41,0.5598,183.49
agm005957636,Li3FeH7,11,633.95,0.9457,1773.86
agm005543777,LaEr4,5,6.98,0.3004,193.74
agm092953679,La5Er3,8,8.33,0.3182,197.63
agm014093722,La3Er2,5,5.42,0.2752,197.72
agm078717438,Tl3Au,8,42.86,0.6497,189.51
agm075971519,TlAu,8,70.99,0.9597,207.31
agm002340286,LaCoH4,12,239.94,0.903,711.59
agm002225851,NdAu2,6,85.54,1.1163,208.21
agm003273870,NdAu2,3,78.71,1.006,210.32
agm005927761,Y4InHg3,8,46.46,0.6368,224.31
agm003771383,KInHg6,8,29.82,0.538,201.43
agm085036328,CeZnSi,6,81.7,0.668,345.56
agm009950443,Ba3(SmBi)2,7,53.3,0.8266,186.5
agm002185971,Ce3Si2,10,48.67,0.5804,282.49
agm002203187,Ca2InNi2,5,80.87,0.6595,358.96
agm003202015,HfPd5,6,42.85,0.52,291.08
agm005772009,CaHfPd6,8,72.78,0.7225,300.04
agm002691989,LiAlZn2,4,77.54,0.5541,484.09
agm002773852,NaICl2,4,247.85,1.8678,426.07
agm006127373,Na6ICl5,12,312.35,2.182,502.71
agm077941881,NaICl6,16,253.31,1.4785,485.64
agm003161382,Hg2Pt,3,20.92,0.4333,220.57
agm077977959,Li2NdIr,8,109.59,0.8874,333.35
agm005546848,ReF6,7,484.69,2.122,731.68
agm002239469,Ho2Se3,10,147.3,1.438,292.91
agm013502542,La2HoSe4,7,143.06,1.516,286.89
agm128638651,Rb4Au,5,137.77,1.798,247.43
agm003199623,ZrCo4Rh,6,72.33,0.592,391.0
agm149563242,LaPm,6,4.73,0.268,202.67
agm003260576,Pm3Al,8,29.74,0.466,242.32
agm005544147,La4Pm,5,4.06,0.2608,202.98
agm137724019,La2Pm,6,4.85,0.2635,202.65
agm003296158,Ga3Sn,8,13.39,0.3215,326.79
agm007846001,Ga5Sn2,7,10.95,0.295,325.2
agm084245231,Li4InAg,6,103.69,0.6875,464.15
agm003167502,LiIn2Ag,4,61.94,0.6062,312.12
agm003420141,Li3SnHg2,6,79.91,0.7694,302.5
agm003604462,LiThSn,12,67.48,0.7855,252.46
agm002071601,RbH2Pb,8,143.83,0.91,437.56
agm041221242,Li4LaHg2,7,85.22,0.7569,324.74
agm011137402,Rb3P3H2,8,165.76,0.8725,565.24
agm002218238,Li2Eu,6,23.38,0.3688,345.56
agm011136884,Rb5PH4,10,201.63,1.4233,450.18
agm077853243,RbPH2,16,253.18,1.1602,572.51
agm005534572,Tl5Hg3,8,15.94,0.421,173.7
agm094845267,Tl3Hg5,8,20.45,0.4495,182.23
agm092490451,Tl5Hg,6,11.13,0.364,177.91
agm089888694,Tl2Hg3,5,21.04,0.4689,183.36
agm006037782,Na3TlBr4,8,201.76,1.9218,330.87
agm001193444,ZrZn5,6,20.42,0.346,376.27
agm001193445,Zr5Zn,6,16.0,0.346,306.93
agm003213262,LiTi4O8,13,544.17,2.032,893.25
agm077655171,TbGd3,4,5.75,0.2875,197.14
agm001851951,Tb2Gd,3,6.35,0.29,199.7
agm078687210,TbGd,2,7.09,0.295,199.23
agm002226624,NbNi5,6,24.42,0.343,434.05
agm003438557,LaPu2Au3,6,64.76,0.9533,184.85
agm008179290,NaTl5,6,17.98,0.4225,193.07
agm078517612,NaTl3,8,30.91,0.5346,203.24
agm089520099,PaH4,5,92.62,0.5513,583.0
agm158214190,NaTl3Cl4,8,165.16,1.7913,284.6
agm061277973,NaTlCl3,10,230.75,1.9909,383.74
agm005644236,YPu2N3,6,205.88,1.852,358.76
agm002164007,Y4N3,7,288.21,1.888,484.26
agm152234861,LaPr3Sb4,8,88.56,1.0847,242.18
agm041682158,YPu2N3,6,225.18,1.852,358.34
agm005958279,Sr(BrO)2,5,249.65,1.8006,424.35
agm002176091,Sr2Br2O,10,177.5,1.7018,338.32
agm091495152,NaTlI2,8,122.04,1.4965,236.98
agm003560687,LaDy3Sb4,8,86.0,1.024,239.16
agm002370328,La6Tl2Co,9,37.8,0.5866,212.52
agm002305735,RbSrP,6,163.12,1.3894,347.48
agm003544901,Na3AlTe3,14,138.43,1.05,343.79
agm003476518,BaAs2Pd5,8,55.95,0.6233,301.49
agm048337381,SrSn3S4,8,152.95,1.1489,370.49
agm005534687,Re3Tc5,8,4.87,0.25,284.38
agm003311192,Ba2Li3Tl2,7,46.93,0.5847,259.81
agm149238072,RbSe,8,153.69,1.5846,292.6
agm100874656,RbSe,8,146.26,1.5846,291.3
agm104194870,RbFeBr4,6,186.08,1.659,321.49
agm003171077,Li2PtAu,4,144.29,1.147,324.74
agm005663660,Mg2Zn3Ir,6,64.82,0.5867,364.61
agm003187482,TaOs,4,50.17,0.6532,227.18
agm003855844,HoO,4,253.34,2.239,398.34
agm002369083,Ca2HgPt2,5,100.33,1.0878,249.15
agm013297872,LiCa4Hg,6,72.49,0.6325,331.97
agm084175706,Ca4HgPt3,8,81.59,0.9,250.55
agm005630790,Rb2NaAs,4,98.18,0.8454,299.0
agm008153910,Rb5Na,6,6.62,0.286,220.92
agm001193729,Ta5Rh,6,24.75,0.4506,228.58
agm003211381,TaRh2,12,63.47,0.64,281.51
agm003414757,Na2AgCl3,6,290.83,1.957,479.51
agm002308266,RbSn3,8,45.79,0.6348,240.89
agm077974522,AlV7,8,9.7,0.2557,479.93
agm002153691,Sr2ZnH6,9,289.34,1.165,719.54
agm043293909,RbTl6,7,19.27,0.4618,180.02
agm071793939,RbNa3Tl2,6,48.92,0.628,249.87
agm002213650,Rb2GaAg3,12,69.51,0.7366,266.7
agm088340588,Sc2GaAg,8,58.04,0.565,356.6
agm003441146,Li(InHg2)2,7,35.35,0.5508,230.13
agm003178695,LiIn2Hg,4,43.53,0.556,267.0
agm057995603,La4P3S,8,153.73,1.3188,322.93
agm002172621,SrTiO3,5,383.56,2.2255,618.36
agm003553542,Na4Cd3Hg,8,67.82,0.7013,297.79
agm127542076,Rb6Cd,7,24.41,0.4849,210.26
agm005582582,NaCdHg,6,74.48,0.8278,257.27
agm035398111,NaCd2Hg3,6,55.17,0.6884,228.13
agm017235566,Sr2GaCu3,6,106.07,0.82,345.28
agm109642701,GaCuNi2,8,15.49,0.2957,441.58
agm140609231,RbCd,8,74.2,0.8488,242.73
agm007907097,GaCu7,8,10.69,0.2702,430.14
agm003160839,Ga2Cu,3,13.93,0.2932,401.64
agm088344418,RbNa2Hg,8,67.99,0.7645,260.56
agm014685300,BaSrCu6,8,76.61,0.6501,351.6
agm090348005,Mg3Hg,8,48.97,0.5323,346.46
agm001417505,GdHg,4,68.55,0.88,207.89
agm010170417,Nb3W,8,42.77,0.5431,274.59
agm008148853,NbW5,6,23.5,0.4454,232.65
agm003092220,LiInSn,6,96.01,0.8164,316.98
agm002156551,Li2SnO3,12,453.82,2.17,752.95
agm065069898,LiIn(SnO3)2,10,343.48,1.843,612.17
agm006117504,LiIn5O8,14,353.26,1.834,574.1
agm002298203,Rb3TaO4,8,287.71,2.3632,458.45
agm069503988,BaCaGa2,8,98.68,0.8897,311.82
agm075863347,Rb3TaO4,16,282.32,2.3855,441.4
agm010194849,HfSe2,6,156.78,1.375,314.57
agm003207205,SrSeO3,10,318.0,1.915,578.54
agm002205476,La3In3Co2,8,55.42,0.6078,273.51
agm002190195,Te2Os,6,12.64,0.3271,271.32
agm003138531,RbTlS2,4,117.69,1.2004,274.2
agm081574810,RbCuS,6,166.55,1.306,371.48
agm090885307,TlCu3S4,8,157.83,0.925,467.98
agm082878496,Rb2BaO4,7,318.4,2.194,474.35
agm116430923,RbBaO4,6,311.63,2.1888,487.95
agm003137022,CaHgS2,8,173.26,1.312,385.68
agm035177864,LaTm2,6,8.78,0.325,193.21
agm008095927,LaTm3,4,5.79,0.2838,192.21
agm005590458,LiGaPt,6,125.4,1.0065,337.54
agm110447837,Li3Ga2Pt,6,138.34,0.9125,418.18
agm142041438,RbF,8,320.23,3.094,431.97
agm156260302,Rb3F8,11,369.32,2.2322,569.81
agm075305819,RbF,12,299.0,3.094,431.7
agm082602826,RbF5,12,352.91,1.9564,637.18
agm007895722,Zn5Cu3,8,30.79,0.3812,415.79
agm052940848,BaLaCu4,6,90.94,0.7744,307.94
agm096491193,Zn3Cu5,8,29.84,0.3812,425.04
agm107321268,Zn2Cu,6,26.13,0.3625,414.62
agm003203704,ZnCu2,6,31.27,0.375,426.97
agm050248402,Zn3Cu5,8,26.57,0.3564,410.99
agm038360696,LiZn4Cu3,8,63.24,0.5213,429.52
agm002232488,Rb3Ag3P2,8,98.04,0.9061,281.54
agm090812564,TiW5,6,28.21,0.4609,239.81
agm002236877,Rb2ZnS2,10,159.2,1.2747,356.79
agm109202149,La2PuTe3,6,83.89,1.096,227.27
agm115165237,Na2SrO4,7,438.44,2.1265,728.17
agm003158381,Y2Se,3,171.24,1.447,336.81
agm003099609,KMgBi,6,69.08,0.741,261.93
agm120352090,KAuO2,8,251.47,1.576,484.03
agm119933785,LiLuAu,6,109.0,1.1618,266.93
agm006083621,Na4H5Rh,10,325.48,1.036,912.96
agm026004199,Ba4Na2Rh,7,49.72,0.683,230.45
agm005941413,Rb2CuO2,5,303.76,2.3303,468.84
agm002310202,Pr2Ru,6,78.0,0.892,255.41
agm003608746,SrHgPb,6,76.23,1.045,198.6
agm003207306,KClO3,10,415.16,1.7656,755.58
agm003126269,RbTlO2,4,241.02,2.128,392.3
agm002235799,BaSnRh,12,103.94,0.9901,263.01
agm040855177,RbTlBr2,4,141.62,1.816,245.16
agm089442186,Rb2Tl3Br5,10,132.59,1.7131,241.0
agm044961397,RbTl7Br8,16,117.85,1.546,226.59
agm008121163,Pr2Mn,3,35.56,0.502,277.01
agm002285898,Ba2MgP2,10,152.02,1.1818,336.28
agm088921069,Li2AcPt,8,105.68,0.9745,285.21
agm082685639,TaAgS2,4,155.55,1.1253,386.51
agm073498759,CsH,6,177.19,1.519,339.14
agm101029640,Na2CdO2,10,387.63,2.2761,618.07
agm090215827,CsO4,5,316.32,2.105,500.74
agm002169999,Na2ZnO2,5,456.26,2.3239,741.45
agm046727502,LiYSn,6,94.31,0.7792,336.75
agm002234274,Te2Pd3,5,12.69,0.31,301.25
agm005635660,Ba2SnHg3,6,64.09,0.8744,197.61
agm075358015,RbHS,9,238.21,1.4943,476.41
agm002236795,RhS2,9,64.9,0.4814,499.07
agm062852734,Rb(Te2Rh)4,13,51.44,0.5612,283.45
agm100424066,CsBr3,4,144.36,1.4218,283.39
agm001417506,CeHg,4,68.09,0.8836,210.34
agm002142387,Ce2Hg,3,43.45,0.646,211.06
agm005785997,Li2CeHg3,6,70.22,0.7788,249.26
agm005652616,Rb3AuCl2,6,189.75,2.17,279.36
agm005584646,RbHCl,12,251.78,1.9934,452.29
agm005760014,CaTl6Cd,8,19.55,0.4296,192.93
agm002259743,Ca2TlCu2,5,89.7,0.796,313.19
agm006426143,K3CrH6,10,399.83,1.2533,837.3
agm106300639,NaEuSn6,8,54.13,0.6527,251.76
agm003060998,BaCuAs,6,102.74,1.024,298.65
agm002385410,SmAg5,6,38.92,0.4987,267.76
agm001108752,Pm3HgO,5,137.77,1.681,261.9
agm100975522,PmHg3,8,42.32,0.6415,194.92
agm001851188,PmHg2,3,54.36,0.772,199.56
agm002141101,CaAsRh,6,133.14,1.018,356.14
agm002171869,NaNbO3,10,452.18,2.1801,711.43
agm001830521,CsSn3,4,35.74,0.5509,224.48
agm003263649,Ti3In,8,23.26,0.358,377.05
agm086986188,Rb3BiO3,14,256.52,2.248,395.36
agm003190936,LiAg2Au,4,109.31,0.952,302.79
agm070494389,Cs2Hg,6,59.6,0.943,171.24
agm002179584,NdPd5,6,54.05,0.5969,284.99
agm082003174,NaSn3Te4,8,54.28,0.6078,267.16
agm083215483,Mo2W,6,9.54,0.3014,273.21
agm007904306,Mo2W3,5,13.54,0.3426,250.18
agm010165746,NdRh,4,116.97,1.1294,278.22
agm005546814,Nd5Zn,6,14.01,0.3587,218.55
agm062508809,Nd4Zn3Rh,8,57.3,0.669,256.09
agm073569281,KHSe,9,246.44,1.4396,491.66
agm079575375,KHSe,12,239.6,1.4953,474.21
agm006660584,CaAlH5,14,538.69,1.0305,1354.35
agm102081863,CsTl2I9,12,90.86,1.136,221.98
agm078276165,CsTl5,6,18.86,0.4437,174.87
agm081597325,CsTl3,8,18.41,0.4421,177.49
agm038218337,Li2HgPd3,6,108.6,0.88,337.91
agm005542368,HoHg3,8,35.0,0.5965,196.74
agm002216777,Ho3Hg2,10,52.8,0.754,198.43
agm002188810,SmPt5,6,43.05,0.6133,220.1
agm152702980,CsS4,10,161.82,1.1562,408.53
agm131889861,Cd4Pt3,7,46.84,0.604,252.75
agm040377365,Li(SmCd2)2,7,49.62,0.6107,259.88
agm005555480,Sm2Cd3Pt2,7,61.67,0.7885,233.48
agm083150776,Rb2HgS2,10,125.42,1.3882,270.95
agm002197615,CsAlSe2,8,150.37,1.3696,294.75
agm005756531,K2HAu,8,165.2,1.422,348.08
agm003283317,Ti2Ga,6,33.08,0.3985,421.24
agm003206591,Ti2Ga3,10,30.57,0.3958,405.11
agm002239702,CsSe,4,126.04,1.438,240.82
agm078860896,CsNa5,6,9.13,0.2702,356.67
agm104304196,Cs3Na,8,9.03,0.3256,192.36
agm052676634,CsNaSe4,12,141.24,1.2278,317.84
agm008153920,Cs5Na,6,6.92,0.313,172.24
agm103706435,Cs4Na,5,12.89,0.376,186.32
agm110857476,Cs6Na,7,12.87,0.376,189.02
agm001282844,Cs3Na,4,13.36,0.376,186.0
agm023089790,Li2Ga3Co2,7,63.83,0.4855,487.17
agm050499009,BaNa3Sr4,8,6.18,0.2663,254.64
agm013392943,CsK2,6,5.36,0.2635,220.44
agm140376715,Ba5Na2Sr,8,4.45,0.2597,203.24
agm013811760,Cd(IO3)2,9,285.64,1.243,622.78
agm061424004,Li3Tl4In,8,40.42,0.5407,247.06
agm002352438,Sm2Ru,3,59.07,0.7444,241.24
agm003772352,LaTlHg6,8,29.58,0.538,189.74
agm070097168,LaTlHg4,6,39.39,0.66,190.76
agm005188725,AcNdMgAg,4,44.77,0.5972,224.72
agm075781195,NaZnSbO3,12,370.98,1.9178,637.46
agm005548095,YMg7,8,12.85,0.2702,485.34
agm005703120,RbHgPd2,8,64.27,0.6875,264.0
agm005824674,NaSr6Hg,8,27.91,0.4811,228.08
agm003559986,Rb4HI3,8,138.88,1.8025,259.07
agm005792426,KBa3In2,6,39.63,0.6234,206.37
agm002224655,CsNa2I3,6,129.2,1.465,245.48
agm124909771,CsAuI2,4,99.48,1.303,217.09
agm071054544,CsAuI2,16,95.16,1.4599,200.68
agm015074082,Cs3Au2,5,110.78,1.825,193.36
agm003134171,RbAuI3,10,103.19,1.1243,235.22
agm003767116,KRb6Au,8,118.15,1.282,242.15
agm099036041,K3Rb3Au,7,151.78,1.6789,280.66
agm084059452,Li2EuPd2,5,117.64,0.921,344.15
agm070137561,CsK7,8,5.43,0.2567,260.47
agm097777231,Cs3K,8,3.57,0.259,180.52
agm069396567,CsK3,4,4.89,0.2595,235.76
agm028495892,CsAs5S8,14,140.37,0.8512,461.95
agm001199823,CaIn2Bi,4,58.77,0.709,237.0
agm090603849,Li4CrF7,12,747.54,2.797,1091.09
agm002176675,NaAuO,12,253.46,2.026,439.79
agm031271400,Na3Hg2Au,6,97.04,1.027,253.65
agm104573730,Na4HgAu,6,119.45,1.0945,305.7
agm014369668,Cs2Pt3,5,31.21,0.4938,248.7
agm143646782,Cs(SbPt)2,10,63.64,0.8582,214.58
agm001178243,Li4PmTl,6,49.22,0.5074,356.44
agm036962744,Ca3Mg3CuHg2,9,103.98,0.8308,327.47
agm013226208,LaPrBr5,14,166.79,1.7998,292.76
agm136094538,Cs3Rb5,8,3.4,0.25,177.84
agm090931637,CsRb3,8,3.1,0.25,185.88
agm005534562,Cs5Rb3,8,2.98,0.25,168.24
agm106358646,CsRb3,8,4.32,0.2693,186.39
agm003204023,ReOs2,6,19.28,0.4,237.43
agm003264287,Re3Os,8,18.18,0.385,236.9
agm008135206,Re3Os,8,14.69,0.3625,236.96
agm040818247,Sr2LaCu4,7,87.7,0.775,335.4
agm005751449,LaMgIn6,8,37.58,0.5087,258.48
agm097032137,Ba3Te2Se,6,113.9,1.474,231.53
agm005678611,LiDyGe2,16,102.73,0.8201,343.98
agm016880993,CsK3Br4,8,188.67,2.1828,306.46
agm003172446,Ba2TeSe,4,126.83,1.5415,237.72
agm061285314,Ba5Te4Se,10,110.39,1.42,226.71
agm063805327,Ba4TeSe3,16,138.9,1.6428,247.45
agm002183092,Cs2SCl6,9,215.83,1.846,362.01
agm139526011,CsSnCl3,10,205.61,1.9223,317.69
agm144127433,CsCl3,16,197.48,1.751,350.72
agm030927248,La3Mg2Ga,6,30.43,0.4702,265.65
agm106089519,SrSnBr4,6,160.73,1.6045,314.36
agm010162812,TiCl4,10,361.29,1.708,664.71
agm007337993,KP4H7,12,274.63,0.7053,1116.91
agm003461871,Ba(Mg2Ga)2,7,50.78,0.5053,378.29
agm007922222,Y4Cu3,7,61.58,0.5916,314.74
agm002932218,La(MgTl)2,5,31.33,0.4814,248.08
agm005532067,Cs2Cd5,7,37.92,0.574,225.31
agm002332784,Sr(CoGe)2,5,98.61,0.7562,376.98
agm008083659,Pm3Ru,8,84.05,0.9504,247.03
agm057930763,SrPb4Se5,10,59.98,0.6964,250.33
agm005739040,SrAcPb6,8,51.98,0.8373,178.95
agm003298778,Sr5Ac,6,5.98,0.28,202.22
agm005543766,SrAc4,5,4.17,0.277,156.57
agm002185085,BaCdSe2,16,139.05,1.36,292.85
agm002185676,InSe,8,105.68,0.844,333.29
agm008939052,Cd2Pb5,7,19.29,0.442,191.08
agm089183889,Hf3Tc2,5,48.66,0.61,250.7
agm107595097,La3NdTl4,8,28.62,0.5161,185.36
agm003193409,Cd4Pb,5,30.05,0.4804,237.02
agm004447937,CdPb,4,43.17,0.634,206.57
agm003196660,Cd5Pb,6,24.62,0.442,241.14
agm005551135,Cs2Sn2O3,14,215.35,2.0465,365.58
agm003267982,Cs2PtCl6,9,200.53,1.936,314.16
agm005624079,Cs2Pt3O8,13,243.13,1.6293,452.06
agm043999208,V7Rh,8,36.83,0.3962,427.01
agm002384120,VRh,4,77.19,0.64,378.61
agm003269668,CsCuO2,8,294.12,1.9622,466.21
agm005511530,CsCu2Cl3,12,209.96,1.5074,410.98
agm003269865,CsCuCl3,10,223.02,1.9834,363.18
agm002375112,LuHg2,9,50.96,0.7017,202.09
agm118315874,Lu2Mg,6,5.62,0.266,236.99
agm130010110,La3LuMg4,8,15.29,0.345,268.81
agm004445097,CsF,4,234.43,3.121,344.5
agm148363850,Cs6F,7,207.01,3.121,290.55
agm077675912,NaAgS,6,209.42,1.1875,449.36
agm141155065,CsPuF6,8,304.95,2.8805,435.51
agm009067481,Ca2(BiPb)3,8,63.09,0.8718,196.16
agm001827694,HfTi3,4,17.54,0.34,334.41
agm003559620,Cs3RbF4,8,251.02,3.1142,354.89
agm121255374,Cs2RbF9,12,303.17,2.2543,502.46
agm105897082,Cs3RbF4,16,251.85,3.1143,363.83
agm005918627,Rb(IrSe2)2,7,89.6,0.7782,303.47
agm001955392,RbNaI2,4,155.7,1.8565,267.67
agm003295272,Sc2N,6,367.72,1.762,681.01
agm113314798,LiSc3Au4,8,90.61,0.9553,267.79
agm037537289,Y3AlIn2,6,43.9,0.5307,279.18
agm002334715,BaCu2Pt3,6,69.09,0.781,258.38
agm003529808,Cs8Sb2S,11,72.04,0.9986,201.12
agm003157461,LuRu,2,59.9,0.7283,247.5
agm001178750,LiLuNi4,6,89.37,0.7,392.71
agm034354912,Y3Mg2Au,6,61.38,0.6218,287.53
agm095349320,NaSb2Pt,4,80.09,0.7981,281.97
agm005543512,Y3Tc,8,71.41,0.6951,304.9
agm001144274,NaIn2Pd,4,56.6,0.6158,294.21
agm002166120,NaIn2Pd,8,86.52,0.779,303.67
agm003183882,SrP2Pt,4,100.95,0.8,351.49
agm003220239,Sm5Pb3,16,75.46,1.0554,192.39
agm005943168,La4In3Ag,8,51.04,0.6717,224.95
agm090932132,Rb2AlCl5,16,236.68,1.9828,397.6
agm090490670,Li6ZnCd,8,80.46,0.5102,582.35
agm103175834,Pt3Rh5,8,4.74,0.25,277.93
agm008049199,Pt2Rh,6,4.52,0.25,251.55
agm041689489,PtRh7,8,6.12,0.25,307.38
agm001416846,DyY,4,3.87,0.25,222.07
agm009145746,Dy4Y3,7,4.0,0.25,218.09
agm146304599,DyY7,8,4.69,0.25,252.5
agm114562919,Dy3Y5,8,4.43,0.25,230.59
agm003446378,K2PbBr4,7,181.28,1.723,292.76
agm067679909,RbAlBr4,12,169.82,1.7093,309.75
agm111897574,NaPbCl3,10,191.92,1.5697,376.09
agm002184064,Sc2PdRh,4,88.54,0.718,341.94
agm069622691,Ti5Co,6,21.22,0.3265,449.94
agm002142130,CdAu,2,57.83,0.6871,229.43
agm009193858,Cd3Au5,8,63.63,0.7472,235.73
agm013812460,Pd2Pt3,5,6.82,0.2788,253.12
agm005849433,YPd4Pt,6,48.72,0.568,285.57
agm155185369,Ba6PdPt,8,123.33,1.465,240.01
agm015504645,PdPt,4,8.06,0.286,260.68
agm135347638,Ba2PdPt,8,96.25,1.2452,225.08
agm009819593,Pd5Pt2,7,7.98,0.2877,279.44
agm070351700,Li4InIr,6,134.68,0.9019,436.16
agm006525082,SrCa3H8,12,309.14,0.9775,839.17
agm001937729,CsCd2Ag,4,59.24,0.7259,236.38
agm003173963,SrCa2Zn,4,37.33,0.4814,321.57
agm002232356,K3P2Pt3,8,96.9,0.9722,277.16
agm001192335,HoSb,2,80.37,0.988,239.72
agm003217993,Pr3Sn5,16,66.46,0.7916,237.58
agm099998377,Ba(HO)2,10,367.04,1.9015,643.29
agm073644887,NaCrS2,12,263.36,1.3681,559.5
agm075666886,NaCrS2,12,275.9,1.393,567.54
agm032371647,K2MgIn3,6,78.05,0.7684,284.7
agm003258426,K4ZnP2,7,136.74,0.908,410.37
agm003295643,Nb2Os,6,43.15,0.5329,268.02
agm002424508,CsCdBr3,5,168.24,1.798,267.69
agm109580018,Cs2HBr3,6,170.72,1.9179,278.09
agm108660032,CsHBr2,12,175.15,1.7427,313.27
agm005995682,Cs6CdBr8,15,140.43,1.7779,239.26
agm005499290,MgAg,8,71.71,0.622,368.68
agm016403448,CsKCd,6,66.83,0.7985,241.78
agm002195330,SrAl2Ni,8,85.1,0.6297,431.48
agm003437827,NbAl2Ni3,6,40.87,0.414,452.15
agm003190888,Ta3Tc,4,18.29,0.3833,236.74
agm124005777,KF5,12,507.55,1.988,770.77
agm003295768,KF2,3,463.32,2.146,701.19
agm001280984,TmMg3,4,9.43,0.277,339.25
agm001280439,GdTm3,4,4.78,0.2725,192.74
agm039410828,CaTm2Mg3,6,15.92,0.3451,287.75
agm009461030,Y3Tm4,7,4.79,0.2616,214.49
agm008063397,YTm2,6,4.46,0.2605,208.23
agm003201512,TmFe2,6,59.03,0.5632,324.35
agm024950778,Y6Tm,7,4.98,0.2577,249.6
agm130468706,Rb(HfSe2)2,7,139.09,1.3857,294.64
agm005545162,SF4,10,613.93,1.51,1172.67
agm005783933,KSF5,14,561.88,2.214,817.09
agm001829287,V3Fe,4,20.05,0.3271,459.45
agm008092807,V4Fe,5,16.02,0.3014,457.45
agm077887048,V3Fe,8,24.1,0.3336,459.37
agm003438655,LiLa3Mg2,6,16.3,0.3567,276.52
agm002176296,CsTlO,6,210.94,2.137,311.17
agm002134915,LaAlAu,9,102.65,1.1119,260.89
agm003121553,CsTlO2,16,237.02,2.2081,357.46
agm012324415,Sr(ScS2)2,7,250.45,1.471,496.01
agm008141922,TbAg5,6,40.2,0.5216,268.47
agm006465165,Mg2H2Pt,5,169.06,0.808,608.03
agm007375099,Na2CuH3,12,338.33,1.0604,928.39
agm073790603,NaCuH2,12,295.82,0.811,984.61
agm011517944,Cs2SrNb2O7,12,258.24,2.098,424.94
agm002381698,PaSe3,8,102.19,1.006,286.66
agm081806326,Pa2Te2Se3,7,73.58,0.8722,242.29
agm155158838,Rb3PaSe4,8,140.06,1.591,274.06
agm080864907,InF,16,311.52,2.23,462.75
agm008044080,TaPd4,5,38.07,0.502,289.73
agm008159815,Ta5Pd,6,21.69,0.43,226.83
agm006015865,Mg4Hg2Ir,7,72.53,0.6737,296.68
agm030909274,La4Mg3Hg,8,33.76,0.5132,241.06
agm003435502,Li2HoTl3,6,49.48,0.6328,240.34
agm001211883,LiHoTl2,4,35.17,0.547,215.68
agm005974928,La3CePb4,8,68.64,0.9865,191.41
agm005658248,LaCePb,6,73.63,1.0136,203.08
agm003309706,La2Ce3Ru2,7,68.99,0.7686,241.08
agm013084276,Rb2PdSe4,7,137.16,1.323,288.38
agm002185410,RbPd2Se3,12,115.53,1.0303,312.82
agm010176611,Mn3V5,8,13.62,0.2886,461.1
agm003296247,MnV3,8,11.36,0.273,463.88
agm005541053,PaP2,6,82.2,0.7581,320.56
agm108535703,CsKTe2,8,97.16,1.249,236.8
agm005602073,CsK2Na3,6,14.2,0.325,294.26
agm002277122,NdGe2Au,8,86.83,0.8616,276.01
agm138461959,Cs5K2Na,8,8.25,0.315,193.11
agm014321767,Y2GaNi,4,88.23,0.7618,347.59
agm003425408,YGa2Pd3,12,72.1,0.6738,324.31
agm055561492,CaAs2Pd2Pb,6,63.61,0.655,295.63
agm003476516,CaAs2Pd5,8,50.31,0.5339,326.44
agm002337544,BaGa2Rh3,6,85.24,0.7881,305.72
agm003585047,LiPm3Pt8,12,68.21,0.8696,226.72
agm064690898,La3NdMg4,8,17.09,0.3567,270.17
agm017157189,La6NdMg,8,8.56,0.3062,217.88
agm016850810,LaNdMg,6,10.9,0.322,242.54
agm064944409,La2NdMg,4,9.88,0.313,231.55
agm035626597,TiGa2Rh3,6,63.73,0.5727,348.49
agm104912878,Gd2Al3Ga,6,52.51,0.5254,333.62
agm002224499,K5(NiN)3,11,210.67,1.2024,480.79
agm005833949,Ca2CdNi2,5,109.06,0.8067,381.54
agm013745290,Nd3ThZn4,8,33.41,0.5071,244.74
agm015878302,Dy2MgSn3,6,59.58,0.685,247.67
agm003764337,KMoF6,8,412.9,2.491,634.67
agm005545071,MoF4,5,437.56,1.888,771.32
agm095999778,RbAuSe2,8,95.37,0.945,268.83
agm003263528,KPF6,8,553.22,2.4775,811.33
agm007632650,Cs2HSeBr,10,158.84,1.7665,272.82
agm131373703,CsH3Se,10,206.96,1.3276,455.01
agm003598107,RbHSe,3,201.03,1.4953,387.72
agm020384094,RbCrSeS,4,148.99,1.0499,372.56
agm075592772,RbHSe,9,193.91,1.4284,398.17
agm140347523,Rb2SeS2,5,139.04,1.1706,330.23
agm056687172,TbNd,8,5.18,0.274,201.52
agm003316654,Ba2Y2O5,9,321.23,2.383,460.73
agm002239587,Tb2Se3,10,160.11,1.555,293.99
agm002361882,Ca2BPt6,9,106.18,1.09,280.8
agm102909940,LaPm3In4,8,37.67,0.591,217.78
agm036209029,TbY3Ag4,8,54.89,0.6383,256.28
agm046129259,Ca3PCl3,14,299.86,1.903,511.51
agm002152387,GeAs4Se7,12,74.14,0.6136,370.38
agm005547896,DyIn7,8,17.17,0.376,242.76
agm003410149,LaDy2In3,6,39.85,0.5767,216.91
agm005726549,La2DyIn3,6,39.71,0.61,218.8
agm001194929,Ta5Re,6,13.2,0.358,220.47
agm001830405,ZrPd3,4,65.89,0.6415,310.09
agm005586269,SrLaPt10,12,49.44,0.6607,222.49
agm079032925,KPbI3,10,98.92,1.2788,224.76
agm050081003,K6PbI8,15,139.66,1.7119,255.87
agm005829304,Rb6TlZn,8,33.96,0.5499,214.3
agm003138493,RbInS2,8,177.94,1.3403,374.56
agm008134639,TbHo5,6,6.25,0.289,193.63
agm014044714,Tb3Ho2,5,5.04,0.2734,197.58
agm115840983,Tb7Ho,8,5.5,0.2792,198.65
agm001039562,BaZnGa,6,63.37,0.7054,285.46
agm093463816,Ba(ZnGa)2,5,61.44,0.6214,320.8
agm122598888,Tb3Nd,8,4.75,0.262,201.04
agm014034354,TbNd7,8,4.01,0.259,204.72
agm010179949,Tb2Nd,6,4.67,0.262,201.22
agm018147045,La2In3Pd,6,65.23,0.7544,248.51
agm038717880,Tb5NdSm2,8,5.01,0.2777,198.89
agm017862606,Tb5Nd2Sm,8,5.78,0.2777,200.0
agm158953090,TbNd2Sm,8,5.64,0.2762,200.31
agm019915510,TbNd4Sm3,8,4.98,0.2725,199.54
agm007802383,Nd5Sm2,7,4.48,0.2603,201.72
agm030331295,Nd7Sm,8,4.03,0.2556,204.19
agm070321756,TbNd4Sm,6,4.81,0.2675,201.73
agm109054687,Tb5Sm3,8,5.52,0.2789,197.76
agm032810325,TbNd3Sm2,6,5.31,0.277,198.08
agm010095642,Tb2Nd3Sm2,7,5.68,0.2796,199.07
agm098644766,TbNd3Sm4,8,5.41,0.277,197.01
agm024010554,Tb4Sm3,7,5.85,0.286,197.14
agm108194235,Tb2(NdSm)3,8,5.06,0.2714,199.23
agm145625936,Tb3NdSm2,6,5.71,0.2835,198.36
agm015478496,Mg4ZnRu,6,105.25,0.6603,476.07
agm003264195,AcAl3,8,32.61,0.4336,333.98
agm005544325,Ac4Mg,5,5.92,0.2988,167.56
agm053062469,Ac7Mg,8,4.88,0.2815,160.0
agm021989525,Ho3ErIn4,8,32.03,0.5325,215.09
agm105242927,HoEr2In,8,26.09,0.496,208.12
agm045898400,HoEr5In2,8,29.43,0.4953,208.38
agm017290123,Ho2ErIn3,6,33.21,0.532,215.06
agm007921290,Er3In5,8,34.53,0.5335,231.03
agm002307952,Pr2Os,6,74.13,0.892,229.72
agm015504807,LaHoEr2,4,6.93,0.3032,194.64
agm026315081,Tb5NdHo2,8,8.31,0.3115,198.41
agm110466523,Tb3NdHo2,6,8.48,0.3145,198.15
agm007911351,Nd4Ho3,7,7.22,0.3001,197.18
agm003611493,YFeOs,6,75.3,0.7459,285.24
agm013447076,Tb4NdHo3,8,8.07,0.3212,197.74
agm015118350,Tb2NdHo,8,7.33,0.3077,198.37
agm003611015,LiPmGe,6,98.51,0.7972,341.46
agm002173826,TbSiO4,12,378.36,1.996,698.63
agm031088879,Nb2Re,6,17.77,0.3685,268.87
agm005584560,Tb2YTl,8,24.9,0.482,206.7
agm069259750,CsPaSe3,10,132.92,1.408,263.73
agm081388705,Cs6Te2Se,9,77.91,1.0947,195.77
agm001417608,TbLu,4,9.61,0.3265,197.15
agm001124795,TbY2Ho,4,7.12,0.289,223.72
agm009804426,Tb2Y3Ho2,7,8.81,0.3109,218.88
agm005014253,Pr2SmAlN,5,138.93,1.3135,309.52
agm066055083,TbY2Ho,4,8.97,0.3085,223.68
agm082197874,NaTlSe2,8,143.96,1.2336,295.68
agm139635322,TbLu2,3,6.62,0.301,196.9
agm140935184,TbYHo4,6,4.84,0.271,202.31
agm003353914,Rb2Sr3Br8,13,200.1,2.1058,301.64
agm003437973,Ac3Mg2Ga,6,26.05,0.4759,208.76
agm137238438,KSbCl6,16,254.31,1.618,477.48
agm005754154,TbYPt6,8,63.12,0.754,230.56
agm005951849,Li3CeAu4,8,126.12,1.2379,279.19
agm005834528,Li4AcAg2,14,73.56,0.6485,353.07
agm001144622,NaCa2Hg,4,45.66,0.5582,281.41
agm047435824,Y3TmIn4,8,38.82,0.5361,242.43
agm012403947,TbY(TmIn2)2,8,38.37,0.5631,223.52
agm110945074,TbYTm2,8,8.42,0.3085,206.46
agm002315359,CsCeCdSe3,12,131.04,1.3727,264.59
agm134863054,TbYTm2,4,5.92,0.2838,206.06
agm091763895,TbTm,4,8.87,0.3175,195.03
agm005665926,Tb3Tm2In,6,26.73,0.499,205.88
agm003329470,Y3Tm3In2,8,31.35,0.5043,232.01
agm002236846,TbS2,12,181.12,1.4932,365.27
agm003298791,Ca5Pm,6,7.66,0.276,303.85
agm002137863,SrNi4B,12,108.68,0.7023,440.45
agm129795439,MgTlRh2,8,68.88,0.719,288.95
agm003258795,Ca(Cu2As)2,7,68.93,0.5711,408.24
agm042964535,Tb5SmY2,8,7.61,0.2976,211.01
agm148899636,Tb5SmY2,8,8.28,0.3055,211.23
agm012251136,Sm2Y3,5,5.4,0.268,231.02
agm002137598,CoB,4,48.28,0.376,727.98
agm019123312,Tb2SmY5,8,9.02,0.3077,233.55
agm146556630,SmYLu2,4,6.27,0.2913,207.46
agm015697475,Sm7Y,8,4.19,0.2612,200.47
agm060440771,TbSm2Y,4,7.67,0.304,208.92
agm077988806,AgPd,4,12.04,0.3108,302.67
agm052097939,AgPd7,8,12.09,0.3108,308.82
agm088195228,Ag2Pd,6,22.18,0.385,299.59
agm008061079,AgPd4,5,15.83,0.331,307.65
agm003297308,AgPd4,5,15.37,0.331,307.64
agm008030521,AgPd,4,24.85,0.3918,302.46
agm012894033,TbPm7,8,4.23,0.2567,200.67
agm011831400,Ag2Pd5,7,21.82,0.3773,306.22
agm013169587,Cs7USe6,14,108.42,1.4311,229.18
agm018611326,Tb2SO2,10,229.01,2.0104,397.87
agm001851327,Tb2Pm,3,4.4,0.262,200.23
agm008011479,Tb2Pm,3,4.14,0.259,200.1
agm099759970,TbPm3,8,3.94,0.2567,201.3
agm040651797,TbPm7,8,4.15,0.2567,200.85
agm008195492,TbPm5,6,4.33,0.2575,200.43
agm109816242,GeCl2,12,230.74,1.285,503.82
agm003495823,Sr(GeCl3)2,9,262.52,1.603,488.2
agm108407344,KOsCl6,16,233.16,1.528,458.66
agm002908808,La(AlZn)2,5,38.28,0.4454,371.65
agm033329996,La3AlZn2,6,43.02,0.5311,262.0
agm003165751,Y2PSe,4,161.08,1.285,369.32
agm034605809,Y3PSe2,6,167.94,1.339,356.7
agm005818175,KMgHg6,8,39.48,0.5992,213.3
agm002098621,RbMgPb,6,89.09,0.957,254.44
agm002098614,RbMgPb,6,94.44,1.0011,246.15
agm005919888,Zn(NiGe)2,5,31.66,0.381,420.09
agm002936960,La(NiGe)2,5,79.5,0.6795,348.28
agm005615140,Li2InPb3,6,90.48,0.98,240.22
agm003092159,LiInPb,6,85.03,0.925,258.59
agm003092158,LiInPb,6,86.26,0.8975,259.15
agm003179997,LiInPb2,4,55.52,0.6744,228.31
agm132361748,Li4In3Pb,8,90.34,0.7852,330.48
agm059603282,Cs(TiSe2)4,13,173.36,1.234,386.68
agm007955660,Tb3Dy5,8,7.79,0.304,197.21
agm099481227,TbDy2Y5,8,6.07,0.277,232.42
agm016004144,TbDy4Y3,8,5.84,0.277,215.5
agm015804170,Ba3CaI8,12,135.5,1.8182,237.85
agm009137922,Tb2Dy2Y3,7,7.61,0.3014,219.73
agm037491540,Tb2DyY5,8,8.84,0.304,233.5
agm117879548,Tb2DyY,4,7.58,0.304,210.54
agm001829823,Dy3Lu,4,5.04,0.2688,195.33
agm130734641,Tb4DyY2,7,6.04,0.2809,212.2
agm005585900,TbDy2Y,4,6.96,0.295,208.18
agm109611508,DyY2Lu,4,4.84,0.2612,222.12
agm013032674,Tb(DyY)2,5,5.5,0.2716,217.5
agm095781406,TbDy,8,7.29,0.304,197.2
agm008095593,Tb3Dy,4,5.37,0.277,198.25
agm008060931,Tb2Dy,6,6.73,0.298,197.56
agm016769112,BaSr2O6,9,330.61,2.0572,548.52
agm001281169,Ca3Ho,4,16.55,0.3535,274.36
agm001124706,YLuTh2,4,4.98,0.283,186.64
agm005736447,NaIn6Sn,8,31.54,0.4817,259.7
agm003219352,NaInSn2,16,72.26,0.7366,280.74
agm054202790,VFe3Pt4,8,50.98,0.565,295.22
agm008155767,VPt5,6,25.61,0.445,246.1
agm007968221,V3Pt5,8,50.8,0.5913,274.19
agm082704545,Tb3(YCd)2,7,29.0,0.4872,229.04
agm005599849,NaCuSi,6,88.55,0.6071,496.68
agm002212306,Lu3Fe,8,51.86,0.6165,253.05
agm110110968,SrZnCu4,6,67.86,0.5725,385.08
agm121004732,Na(MnS2)3,10,259.99,1.2567,599.09
agm039069959,SrCa2Se3,6,207.41,1.66,357.73
agm013235377,PmAsO4,12,373.79,1.8565,623.66
agm039095553,Ba4Mg3Cd,8,37.14,0.5515,233.51
agm003675473,Cs6IBr5,12,149.6,2.158,227.71
agm003767977,PrNd6Sc,8,8.14,0.3018,219.14
agm010116158,Pr4Nd3,7,4.25,0.2547,208.64
agm007911005,Pr4Nd3,7,4.07,0.2556,208.73
agm073559744,SrCaSe2,12,185.01,1.6675,344.68
agm015873581,TbPm3Dy2,6,7.14,0.304,197.99
agm021603457,Tb6DyTm,8,7.77,0.3107,198.34
agm026053867,Tb(Dy2Tm)2,7,5.77,0.2924,194.33
agm105015283,Tb3Pm4Dy,8,6.3,0.286,199.3
agm115036452,Tb5Pm2Tm,8,6.22,0.2927,198.72
agm009591807,Tb3(DyTm)2,7,9.21,0.3246,196.2
agm011994990,Dy3Tm,4,3.74,0.2568,193.8
agm033823046,Tb2DyTm3,6,8.25,0.316,194.43
agm003298726,V5W,6,36.25,0.4377,373.82
agm083460874,V3W2,5,68.24,0.663,308.67
agm068995380,TbDyTm2,8,6.59,0.3017,193.64
agm044379522,Tb2Dy5Tm,8,7.27,0.3062,195.13
agm013702343,Tb2DyTm2,5,7.05,0.2986,195.51
agm035692170,Tb4Pm2Dy,7,5.18,0.2731,199.64
agm036293146,V2W,6,55.28,0.5629,324.51
agm014451434,Tb2Dy2Tm,5,5.11,0.277,195.6
agm015314207,PmDy7,8,4.4,0.2702,195.21
agm001194739,PmDy5,6,5.1,0.277,195.59
agm005938943,Ca3AgAu3,7,124.3,1.359,264.85
agm003554019,Ca4AgAu3,8,141.39,1.377,275.97
agm002131991,CsSbPb,6,67.53,0.9831,182.6
agm002152926,EuGe3,8,60.94,0.6145,306.31
agm005541761,Er2Ni,6,78.7,0.8128,275.77
agm005950829,Na2NiSe2,5,160.97,1.1044,410.05
agm103216507,KIn2Cl3,12,210.15,1.816,355.37
agm058100789,K4InCl5,10,259.86,2.1832,417.03
agm002142821,KInCl3,10,237.25,1.8062,418.36
agm066399459,KIn3Cl8,12,256.8,1.6771,432.95
agm090494733,Li3GdTl4,8,43.5,0.593,244.46
agm001978127,PmGd2Lu,4,5.62,0.2815,198.36
agm002082326,CsHO,3,273.18,2.0515,449.26
agm010181800,SmAu4,5,63.24,0.8418,212.99
agm134246135,Pr5Er3,8,6.47,0.2954,202.6
agm005962937,Zr5Cd2Hg,8,39.92,0.5087,271.2
agm049004373,Na2TiI6,9,152.2,1.624,298.61
agm005827286,YScAg6,8,44.89,0.538,298.82
agm106044480,KBeH3,10,504.63,1.1653,1178.25
agm008682260,Nd2Cu5,7,58.66,0.592,334.28
agm001129983,LiEr2Cu,4,41.71,0.5366,270.57
agm069842788,NbPt7,8,19.46,0.403,235.15
agm002735332,ScZn2Ag,4,48.87,0.5065,355.32
agm014559900,Tb3AgHg4,8,55.13,0.7697,203.25
agm035064346,Tb3Ag2Hg,6,47.89,0.6949,214.0
agm004952361,Sr2TlIO6,10,278.08,1.74,505.14
agm003711199,SrTlI3,10,119.56,1.4875,222.74
agm061074642,SrTlI3,10,119.76,1.4875,224.14
agm155137130,Sr(TlI2)2,14,98.46,1.3438,212.15
agm003438770,Zr3IrOs2,6,61.67,0.6974,247.94
agm003191419,SbPbAu2,4,36.86,0.565,224.86
agm018566213,La(Nd2Pd)2,7,89.36,1.0441,246.29
agm001943410,La2SeN,4,169.92,1.7755,324.63
agm076248644,KTaH6,8,191.88,0.7335,784.97
agm020565232,Zr2InAg3,6,55.06,0.5987,287.27
agm039509564,Zr2In5Ag,16,34.56,0.4862,273.82
agm003643807,Tb5In4Ag,10,53.09,0.6644,224.21
agm101198654,K2LiCl9,12,311.87,1.6571,551.72
agm073211968,KLiCl2,12,347.64,2.0388,575.9
agm003129051,SrOsO3,10,283.97,1.9285,481.25
agm008024790,TbPb,4,68.3,0.988,189.57
agm078072317,Cs2TeI4,7,115.91,1.54,213.35
agm002948188,Cs2Te2I,5,73.59,1.0404,195.42
agm081379916,SrCa2Mg,8,21.19,0.3627,334.11
agm147868146,LiPb2Au3,6,69.82,0.8746,225.7
agm105870593,CsOsCl6,8,219.57,1.537,400.07
agm065084002,Rb2PtF6,9,332.7,2.437,508.59
agm005257903,Mg14CdCu,16,30.33,0.3591,504.18
agm046049942,ZrNb7,8,10.82,0.3061,302.28
agm075780907,RbTlF4,12,333.3,2.614,470.44
agm005673240,Sc2SN,4,321.66,1.555,626.74
agm005959419,Ca3ScTl4,8,38.96,0.562,231.55
agm002757405,RbIBr2,4,146.25,1.5136,287.88
agm028562495,Rb5I2Br3,10,158.1,2.068,258.35
agm056316472,Rb5I4Br,10,132.62,1.96,239.92
agm074081041,Rb2IBr,12,143.3,1.924,248.78
agm005562622,K2Ba2Hg3,7,55.93,0.8222,197.26
agm145966493,Rb(NbTe2)2,14,87.02,0.8035,277.86
agm002285019,LuPt,4,92.17,1.0291,231.09
agm089576310,NaPbI3,10,107.48,1.177,247.05
agm097661414,Cs4HF3,8,256.9,2.7205,337.46
agm003612194,CsHF2,16,359.31,2.4622,513.11
agm068763810,Li2AgPd,4,139.12,0.9415,425.29
agm062795438,Dy4Ag3Pd,8,50.33,0.6827,229.58
agm118035342,LiAgPd2,4,90.13,0.7278,352.39
agm005592986,Li2AgPd,8,147.17,0.9415,426.89
agm069159517,InAu7,8,20.7,0.421,220.71
agm092346241,Sr4ZnCd3,8,48.81,0.6293,247.29
agm002385119,SrZnCd2,8,56.58,0.5897,287.17
agm005821004,Li2AlHg3,6,75.58,0.7701,280.86
agm001127252,Mg2GaSn,4,66.02,0.5737,361.16
agm007919151,Tb5Er3,8,9.49,0.3235,197.37
agm008813274,Tb2Er5,7,7.1,0.304,195.05
agm007991607,TbEr,4,8.2,0.313,195.53
agm005540565,Tb2Er,6,8.62,0.313,197.82
agm005857027,KH2F3,12,710.57,2.3836,1021.38
agm001193454,Pr5Zn,6,41.75,0.5425,256.07
agm003299388,RbN6,7,366.44,1.7031,647.79
agm034194931,CsMg2Sn3,6,74.82,0.7765,270.36
agm001190798,Pm3Mg,4,11.89,0.331,232.06
agm015031389,LaPmMg,6,12.14,0.331,243.43
agm002272245,ErFe5,6,40.51,0.4431,385.06
agm008099108,Dy2Tl,12,21.66,0.4618,192.55
agm003611786,NaCuCl2,16,310.21,1.9078,553.93
agm003208637,Y2In8Co,11,33.42,0.4773,273.48
agm002236950,Cs2CrS3,12,183.5,1.4005,348.74
agm015088575,Cs4CrS4,9,146.75,1.4605,296.78
agm007899138,Tb4Mg3,7,15.95,0.3624,258.49
agm003189654,ThPb3,4,42.9,0.7135,175.95
agm054230579,K3NaO2,12,368.52,2.0123,610.93
agm132527387,Mg2Cd3Rh,6,55.53,0.5703,327.96
agm003406538,Li2Ni2C,5,260.53,0.9565,722.56
agm002217356,BaInSn,12,77.44,0.9147,228.11
agm005788888,Th3Tl2Pb,6,39.54,0.655,173.76
agm003312392,Ba2In2Sn3,7,69.52,0.8268,227.51
agm001851347,Tb2Eu,3,6.28,0.29,195.92
agm022319571,TbHo2Er,4,5.11,0.2815,194.73
agm142758628,TbHo2Er,8,8.04,0.313,194.72
agm003304114,Tb2Ho2Er3,7,7.64,0.3113,194.91
agm043313002,TbHo2Er3,6,6.81,0.295,193.66
agm012246675,Rb5Br2F3,10,255.4,2.8146,363.28
agm002158675,LiPd2Pb,4,90.58,0.8575,299.88
agm003466630,LiPd5Pb2,8,49.68,0.583,282.25
agm003263522,GaF3,8,499.68,2.203,826.45
agm002209847,Rb2GaF5,8,358.19,2.7599,526.13
agm005546151,RuF5,6,486.38,1.852,824.21
agm005974093,Cs(Pd2S)2,7,111.01,0.9628,299.53
agm057825110,KSb2Pd3,6,59.76,0.627,288.48
agm077873997,Ac6Rh5,11,99.93,1.1871,224.77
agm112702871,SrPbI4,12,103.38,1.168,234.98
agm070379436,NaSrTl4,6,39.7,0.6209,201.31
agm003206344,Ba2ZnAs2,10,123.1,1.1035,287.93
agm019396875,Rb2CrO4,14,348.84,2.3056,569.03
agm013453813,SmCu2Pd,8,68.72,0.6537,315.74
agm007928873,SmPd7,8,36.18,0.4818,294.53
agm005873412,MgCuAu4,6,61.85,0.747,256.04
agm112797985,CaEu2Mg3,6,17.79,0.3494,291.78
agm087889438,Ca3EuMg2,6,15.52,0.3366,329.11
agm003201993,Sr2CuO3,6,352.42,2.1801,542.56
agm005785706,LaTbAg4,6,72.24,0.748,256.62
agm003621799,Cs2SeS,16,144.03,1.6231,268.88
agm006032407,Tb3PaSb4,8,87.28,1.015,234.86
agm003411827,Ba2PtAu3,6,85.25,1.24,206.65
agm001147833,CeGdTl2,4,29.03,0.526,196.28
agm033819091,Ba2CaP2,10,142.07,1.1728,315.0
agm003160998,Sr2N,3,263.67,2.131,430.56
agm006019860,Ba4Te3I,8,107.33,1.465,221.02
agm002210788,Rb2VF6,9,350.61,2.851,548.75
agm139599116,RbVF6,16,467.94,2.7295,641.99
agm003354133,Rb2Ca3F8,13,456.56,2.9725,628.8
agm100802011,K2ZnH6,9,367.3,1.144,891.11
agm002269558,BaCoF6,8,427.46,2.5855,604.11
agm031344584,Tb3Th2Ag,6,25.38,0.496,194.73
agm018428337,BaCo2F10,13,478.45,2.383,737.78
agm131961817,NaGaH8,10,483.23,0.7113,1816.96
agm003211257,NaGaH4,12,385.43,0.997,1089.95
agm090542511,KMnCl3,10,303.45,1.918,505.25
agm005628495,Cs3I2Cl,6,136.79,2.083,219.12
agm126002116,Cs3ICl2,6,152.3,2.1286,242.67
agm030285123,Cs3I2Cl,12,135.74,2.083,219.33
agm089564577,RbGeBr3,10,166.45,1.717,314.45
agm034858269,Cd2SnPd3,6,41.98,0.5231,285.59
agm003218662,Cr4OF11,16,573.85,2.2975,895.49
agm092953733,Mg3GaAg4,8,58.4,0.5674,349.58
agm015444595,La4GaAg3,8,79.53,0.8868,254.1
agm032815088,Mg2GaAg3,6,52.89,0.5474,342.33
agm001214024,MgGaAg2,4,53.68,0.547,345.18
agm003542896,Cs3BSe3,14,146.35,1.4954,281.04
agm052929026,Li3ThTl4,8,38.62,0.554,234.47
agm003418559,Tb2PmTe3,6,105.67,1.141,238.09
agm110139388,PmTe,4,99.97,1.123,237.82
agm037080634,LaTh2Zn3,6,27.79,0.4814,227.21
agm037803761,La2ThZn3,6,34.82,0.5243,239.7
agm032584341,Mg2TiRh3,6,112.33,0.8131,386.9
agm001829674,Pr3Sm,4,4.68,0.265,206.6
agm008045461,PrSm2,6,4.92,0.27,199.53
agm090660223,TbPr3Sm2,6,4.72,0.2605,203.49
agm090288960,Tb4PrSm3,8,6.09,0.2875,198.48
agm155187089,Tb2(PrSm)3,8,5.41,0.2762,200.75
agm008140409,PrSm2,6,4.68,0.27,199.35
agm013446089,Tb2PrSm,4,5.33,0.2807,199.67
agm014465260,Pr3Sm2,5,4.15,0.2572,203.75
agm008042454,Pr4Sm,5,4.62,0.2644,206.11
agm005531623,Pr5Sm2,7,4.89,0.2671,204.71
agm007955478,Pr5Sm3,8,5.15,0.268,203.76
agm132957963,TbPr3Sm2,6,5.25,0.2755,201.97
agm002194149,Cs2ZnTe2,10,92.03,1.1035,234.18
agm078063695,KSiH3,10,414.77,1.0754,1011.49
agm090146449,CsIn3Pb,5,62.07,0.8251,212.24
agm005642221,Ba3SbBr2,6,141.16,1.84,242.52
agm156289385,H3SeI,5,141.09,0.598,754.39
agm003267818,Rb2PdBr6,9,176.84,1.762,290.12
agm015856514,AcS,8,127.54,1.582,257.3
agm126417420,SnHgBr4,12,120.58,1.1288,302.35
agm007919025,Pr5Ho3,8,7.61,0.3025,202.32
agm001220570,Tb2PrTh,4,11.02,0.3445,191.99
agm003634614,PrHoTh2,8,6.74,0.3085,179.66
agm010138968,PrHo2,6,6.96,0.295,197.19
agm038908238,TbPr3Ho2,6,6.76,0.296,201.92
agm017409659,TbPrHo,6,5.19,0.276,200.34
agm009514138,Tb3Pr3Ho2,8,7.85,0.3107,201.1
agm005749054,TbPr4Th,6,7.17,0.3,198.11
agm008144622,PrHo3,8,6.71,0.295,195.18
agm003350214,Cs3Sn2Br7,12,135.84,1.717,252.02
agm005923119,Li2ErSn2,5,105.2,0.8894,321.2
agm001212577,LiEr2Sn,4,57.65,0.691,248.87
agm007837247,Y2Er3,5,4.41,0.2608,214.35
agm069994193,Mg4SnGe,6,91.73,0.6238,426.81
agm008784849,Tb3(PrNd)2,7,4.5,0.265,204.02
agm015472920,TbPrNd,6,5.0,0.269,204.93
agm099756789,Tb4PrNd3,8,4.51,0.2661,202.82
agm023320471,Tb(Pr2Nd)2,7,4.45,0.2616,206.99
agm021492351,Tb4Pr3Nd,8,5.04,0.2702,203.26
agm070576043,TbSmIn,6,43.67,0.6275,213.53
agm005893975,Ca2In2Ag,5,79.93,0.7912,294.98
agm001199368,Ca2AgPd,4,93.02,0.8324,310.74
agm001199956,CaAgPd2,4,96.68,0.8305,317.84
agm146423122,Cs2Pb3F8,13,246.08,2.329,356.86
agm005813311,RbICl4,12,203.31,1.528,379.08
agm002143698,SbI5Cl6,12,117.14,0.8245,377.73
agm103715541,RbSbCl4,12,219.8,1.7734,376.76
agm045026174,Rb8I7Cl,16,140.89,1.9623,240.96
agm003102548,MgZnSe2,8,193.57,1.213,447.32
agm082549397,RbBrCl2,8,206.07,1.6065,370.57
agm003612123,RbBrCl2,8,201.08,1.5856,388.49
agm070413243,NaCuSn3,5,66.7,0.6958,293.92
agm008026338,PrGa,4,51.85,0.5997,275.23
agm068989743,CsMnF6,16,372.9,2.779,576.31
agm001145704,La2GdSc,4,13.45,0.358,226.82
agm101384754,Cs2NiSe9,12,113.34,1.0201,316.5
agm107993455,K2H8Os,11,198.53,0.7016,839.51
agm003263027,ZrTe,8,91.18,0.844,283.31
agm069661906,TbMgNi,6,86.1,0.6913,334.7
agm078984775,CsCuF4,6,380.55,2.5216,552.66
agm002941198,Rb(TlIn)2,5,38.32,0.6066,207.23
agm005755744,Tb4NdMg,6,8.04,0.3,219.08
agm005825039,Li2Hg2Au,5,100.99,0.9952,271.3
agm003659000,Cs4IrO5,10,232.51,2.212,374.42
agm003202697,TcB2,6,31.88,0.322,687.39
agm009343891,Nd2Mg3Cu2,7,70.47,0.6373,345.09
agm049194509,Pm2InSn5,16,48.43,0.637,238.3
agm002196516,YAl5Rh,7,62.38,0.5062,448.85
agm005544110,ErMg4,5,8.93,0.2672,366.92
agm002184458,ScGa5Pd,7,42.22,0.466,366.39
agm081541457,Rb3TlCl4,8,198.55,2.176,309.98
agm005826062,Pu2TlGa2,5,32.21,0.5436,218.72
agm005834090,Ca(Cd2Au)2,14,74.75,0.8167,251.37
agm061062548,CsAc4Te5,10,85.46,1.2058,199.68
agm078143131,RbTlCl4,12,208.88,1.876,363.56
agm042827708,Tb3In2Ru,6,53.38,0.7287,234.23
agm048542457,Sr4Tl3Hg,8,40.29,0.6556,196.6
agm006097284,TbPd3S4,16,116.08,0.8395,410.68
agm090986601,NaCuF6,8,579.1,2.302,873.01
agm088011967,NaCuF3,5,512.93,2.4961,794.99
agm001418120,PaOs,4,60.4,0.8013,208.13
agm002234846,PrIr,4,95.64,1.0926,232.7
agm090024310,Li2CdAu,8,131.33,1.0585,345.35
agm136646870,Li2CdAu,8,120.19,0.9948,342.51
agm005780343,Hf2CdAu,8,54.52,0.6858,223.55
agm009055217,Li3Cd2Au3,8,118.87,1.069,299.77
agm146041687,ZrIn2F6,9,334.99,2.4325,531.54
agm041937475,LiCd4Au3,8,88.76,0.9286,255.64
agm002181610,YCuS2,8,183.92,1.1425,453.35
agm002310248,TbSn2Ru,8,67.37,0.7342,258.23
agm052613193,La4HgPb3,8,83.61,1.118,197.97
agm091197066,Li5CaPb2,8,111.03,0.8583,368.01
agm002322367,TiFe3,8,32.7,0.3753,460.69
agm078036794,Na2GaF5,16,490.84,2.6556,813.26
agm005552539,Y2Pu2Ir3,7,77.45,0.9139,226.36
agm084410159,K2RbHg,4,109.45,1.312,254.5
agm131001048,KRb5Hg2,8,51.45,0.6845,201.43
agm156018225,K4Rb2Hg,7,61.97,0.7279,241.39
agm047900291,Mg3MnS4,16,297.82,1.339,644.29
agm014844847,La2PdRu,4,114.65,1.0986,272.56
agm001221930,UOs2Ru,4,45.17,0.619,234.6
agm003103385,CsMnSe2,8,134.76,1.3591,279.91
agm062606257,Zr(TlCl3)2,9,196.33,1.7665,349.79
agm003429170,Ca2YTe3,6,126.4,1.174,296.24
agm002166320,NaZrSe2,4,192.02,1.528,377.92
agm121399046,LaNi4Au,6,78.0,0.682,332.16
agm005534677,Tb5Sc3,8,17.69,0.3865,242.4
agm008150053,TbSc5,6,14.17,0.315,337.49
agm122539367,Nd2InPb5,8,58.77,0.8268,192.18
agm111769362,Rb2HF,8,278.52,2.293,441.29
agm082937976,RbHF6,16,529.25,2.0725,829.73
agm002208654,LuCu,4,76.28,0.7461,285.83
agm015931036,Y4CdAu3,8,105.72,1.17,251.49
agm027784431,K5NaI6,12,161.09,1.8895,279.22
agm155001537,NdY2,6,7.21,0.286,238.39
agm009932046,Nd3Y4,7,7.1,0.2877,233.75
agm009919659,Nd2Y5,7,6.76,0.2809,242.99
agm065552452,Tb2NdY,4,6.42,0.286,212.83
agm034124050,Tb3NdY2,6,8.89,0.314,216.61
agm010131609,Nd5Y,6,4.71,0.262,213.03
agm010151735,Nd5Y,6,5.54,0.27,212.98
agm060523057,NdY,8,7.22,0.286,229.95
agm005923634,Y4CdAg3,8,51.76,0.5997,265.25
agm005514216,Na2S3N,12,315.34,1.3226,658.04
agm003559649,Ca3YS4,8,256.8,1.6225,487.39
agm002234233,TmPd2,6,66.78,0.763,258.63
agm005809767,Sb2HRh6,9,31.44,0.412,359.44
agm088392552,Ba(NiAs)2,10,109.8,0.8535,338.28
agm083894824,NaLi4Cl5,10,474.37,2.221,710.08
agm002069016,Cs2GeSb,4,58.37,0.8125,212.23
agm112327657,Sr2LuHg3,6,62.28,0.8958,204.71
agm005822302,KYSe4,12,172.54,1.3516,338.88
agm005954292,Tb3NdAu4,8,80.58,1.0311,201.06
agm003626473,Sr2AgPd,8,114.5,1.1584,278.43
agm084930759,K2CdCl4,14,269.63,2.0428,441.27
agm002261783,LaCdBi2,8,47.84,0.7016,198.55
agm005666760,SmUAs2,4,106.49,1.0645,260.94
agm069686334,TbErIn,6,42.03,0.624,212.87
agm069053830,CaPr5,6,6.52,0.2825,219.59
agm010198805,Ca5Pr,6,7.57,0.2695,306.0
agm017751167,Ca2Pr,6,7.38,0.276,273.33
agm035924070,La3SmCd2,6,36.68,0.552,215.42
agm003771332,SrMgTl6,8,22.07,0.4598,193.17
agm002307138,PmPd5,6,51.08,0.6002,284.9
agm127806111,Tb3PmIn2,6,45.15,0.6255,215.57
agm002692401,LiY2Ag,4,69.4,0.6775,309.71
agm105516256,KICl2,8,224.66,1.6936,391.41
agm081211364,NaReF8,10,389.92,1.6961,695.75
agm003623702,Sm2ZnGe,8,76.27,0.8054,274.73
agm081551466,BaPdF6,16,375.76,2.4159,562.69
agm002192548,YInAg,6,64.12,0.7039,272.35
agm005844246,Pd(SeCl)2,5,102.17,0.6769,442.89
agm104516790,Y5HoIn2,8,34.16,0.5028,253.75
agm005875286,Cs5As2Au,8,57.35,0.776,199.99
agm133766878,CsRb2Au2,5,105.54,1.6146,201.8
agm056276214,Cs3RbCl4,16,187.02,2.3763,289.12
agm029555222,Rb3As2Cl9,14,218.37,1.8664,383.9
agm015930877,ZrCoP,6,103.03,0.6971,446.63
agm015782821,DyEr3In4,8,32.44,0.5316,215.15
agm035456763,Nd2MgPb3,6,72.7,0.947,207.21
agm082147054,PmPr3Cd4,8,35.25,0.538,221.18
agm050423533,Pr5Cd3,8,29.53,0.4971,220.35
agm037946628,La2Pr3Cd,6,14.34,0.374,211.66
agm001126464,LaPr2Cd,4,18.48,0.4199,213.31
agm002235178,Ba2Tl3Rh2,7,75.92,0.8972,223.02
agm009244982,Pm5Pr2,7,3.65,0.25,203.61
agm013435044,LaPmPr2,4,4.56,0.2612,206.34
agm096146408,La2PmPr5,8,4.32,0.2612,207.17
agm002346965,Ca6Tl2NF,10,208.86,1.6585,359.9
agm139810167,La2(PmPr)3,8,4.59,0.2612,205.06
agm002221152,MgScPt,9,90.76,0.808,324.43
agm001212009,LiMg2Zn,4,89.81,0.5515,542.99
agm070351331,TbDy4Er,6,6.7,0.292,195.33
agm003467121,Tb2Er5In,8,19.53,0.4292,202.13
agm048288514,Y4Zn3Hg,8,39.51,0.5318,277.89
agm109252641,YZnHg,6,59.34,0.6633,263.17
agm005592164,YZnHg,6,69.62,0.7174,261.28
agm039643196,BaSr(CdPd2)2,8,83.49,0.8581,286.01
agm018726661,Sm2CdHg3,6,58.42,0.7699,205.67
agm038623979,Sm3CdHg2,6,44.15,0.6703,198.12
agm003417805,Sm3Cd2Hg,6,37.06,0.5839,206.22
agm032820662,La3Cd2Hg,6,44.59,0.6464,207.84
agm070124023,LaSnRu,6,75.82,0.7962,266.1
agm003553834,Tb4Cu3Ni,8,96.9,0.8825,290.88
agm003342465,Tb2Cu4Ni3,9,62.47,0.5924,354.45
agm071658092,LiGa2Cu3,6,73.64,0.5658,432.67
agm005723827,Sr3Mg2Tl,6,36.68,0.5281,253.12
agm001182426,TbNdPd4,6,77.86,0.8368,262.58
agm002331935,TbCdAu2,4,83.77,0.9526,213.89
agm114971882,Pm3Y5,8,4.87,0.2601,235.47
agm009921623,Tb2Pm3Y2,7,7.58,0.2976,214.4
agm005916342,Zr3FePd12,16,57.91,0.5853,315.91
agm012794190,Tb2(PmY)3,8,7.65,0.3051,219.66
agm093000739,Tb3Pm3Y2,8,7.11,0.2984,212.86
agm069956152,TbPmY4,6,7.18,0.292,237.65
agm034845883,Tb3PmY4,8,8.28,0.3029,226.16
agm001192836,PmY5,6,6.44,0.277,251.15
agm070176054,PmYMg4,6,17.45,0.3355,356.66
agm009935012,Pm5Y2,7,6.33,0.2886,215.58
agm126610972,Pm2Y,6,7.17,0.2905,218.14
agm002206539,SmCo,4,81.63,0.747,304.08
agm037604555,Y2Pt5Au,8,69.66,0.7855,234.85
agm013445615,K3ScCl6,10,311.96,2.1616,498.97
agm002751903,Ba2ZnCd,4,49.06,0.6589,217.38
agm013994806,La2SmPd,8,94.13,1.042,235.13
agm005753733,LaTiPd6,8,70.27,0.646,304.91
agm014168953,Cs2TlCd,4,53.16,0.79,198.43
agm003351285,Cs3Ca2Cl7,12,217.61,2.2958,347.66
agm001283999,PuPa3,4,8.47,0.3292,183.95
agm002159004,LiTbSe2,8,175.62,1.609,346.15
agm006102838,LiTb5Se8,14,136.9,1.3084,285.82
agm005769590,SrThTl6,8,22.99,0.4728,185.25
agm005126939,Ca2HgN,4,157.79,1.3847,344.12
agm084697002,MgCd3F8,12,389.32,2.3965,617.75
agm033400085,Sc3Zn2Os,6,57.96,0.5641,336.95
agm051530272,Sc4Zn3Os,8,50.62,0.5215,351.35
agm008097000,VCr3,4,9.74,0.2577,467.72
agm010108876,Li2Dy3Sn2,7,70.19,0.7399,273.0
agm005786005,La2CoC,4,197.94,1.204,435.72
agm005769311,NaBCl4,12,411.11,1.6861,711.84
agm005847363,Zr2FeRe3,6,40.6,0.5578,263.11
agm003630251,TbErNi2,4,93.83,0.8272,298.13
agm003202000,ErIr2,6,58.47,0.7684,219.08
agm003209190,Ce2CoSi3,12,88.94,0.718,375.1
agm031288581,Tb5Pr2Y,8,5.93,0.2792,207.89
agm145383549,Tb2PrY3,6,7.77,0.2995,227.89
agm015552226,Na(RhO2)2,7,331.49,1.6514,639.56
agm012062951,PrY6,7,6.12,0.2693,254.62
agm015731654,TbPrY6,8,8.27,0.2905,245.05
agm010155749,PrY5,6,5.27,0.2635,252.69
agm010208175,PrY2,6,7.41,0.2905,241.8
agm026140700,Pr3YMg4,8,14.02,0.3397,285.68
agm028694392,Sr6P3BrCl2,12,191.43,1.7725,353.57
agm036419806,TbPr5Y2,8,6.86,0.2894,218.5
agm005759216,Tb6PrY,8,5.78,0.2837,206.86
agm003215059,MgTi2O4,14,526.48,2.0247,852.16
agm003258433,K4BeAs2,7,95.91,0.7371,370.86
agm003771594,YThHg6,8,36.51,0.583,197.22
agm034904700,Ca2Mg3Ag,6,77.45,0.5848,397.69
agm014900782,Ca2MgAg2,5,103.26,0.8587,344.52
agm003436676,Y2ThHg3,6,42.99,0.6586,200.08
agm047321177,AlAgTe2,4,51.91,0.547,330.97
agm015467313,PrAg3,8,50.0,0.61,262.32
agm005594524,CaTlHg2,8,56.2,0.757,207.23
agm153297206,Li2AlCd,8,112.63,0.673,486.02
agm001191559,TmAu,2,65.23,0.9134,198.95
agm010180497,V3Re,4,21.79,0.3541,348.42
agm005823095,BaSrTe4,12,94.94,1.0996,238.31
agm003325698,Y2Si2O7,11,488.6,1.8983,831.3
agm005655401,SrCd2F6,9,361.35,2.533,556.06
agm001952085,CsGa2Au,4,79.48,0.8994,235.32
agm075837399,Na3IBr2,6,232.99,1.987,374.23
agm003555960,Na4I3Br,8,196.61,1.8745,335.15
agm071259931,Na2IBr,8,195.1,1.942,357.28
agm001281914,Pa3Ru,4,28.67,0.5153,201.61
agm005919135,Sc4Ir3Pt,8,67.02,0.7,273.19
agm047131012,Np3UAs4,8,87.66,0.9835,246.43
agm092663917,Y3(ErTe3)2,11,98.18,1.0348,259.06
agm002169985,Na2MnO2,5,522.6,2.23,801.87
agm002358206,Ho2Te3,10,85.47,1.033,242.68
agm079534246,SrICl,12,155.67,1.5872,283.3
agm036979804,Sr2TbHg3,6,59.4,0.8749,201.57
agm002662897,ZnCo2Ge,4,37.38,0.412,421.79
agm002204132,CaZnPt,12,118.22,1.0475,300.19
agm006103400,Ca4Zn3Pt,8,115.41,0.9108,353.11
agm001829188,LuIn3,4,30.42,0.4795,240.31
agm152836875,YEr4Lu,6,4.21,0.2575,200.65
agm002281175,ErLuIn2,4,31.64,0.5258,216.57
agm077646474,Lu3In,4,17.11,0.403,208.13
agm045321356,CaSc2Hg5,8,67.1,0.7792,234.61
agm001418037,TbB,4,129.88,0.8845,397.44
agm124751428,CsRbH6,8,269.05,1.1916,608.11
agm119161626,LaGd3Rh2,12,110.25,1.1752,254.0
agm005596011,Cs2Rb3H5,10,198.66,1.5036,395.33
agm017704841,BaCr2F10,13,475.42,2.527,737.39
agm003219342,Zn2IN,16,192.65,1.3414,423.3
agm105355606,Gd5Cd3,8,22.39,0.4535,214.52
agm010157375,CaAc2,3,4.52,0.28,174.81
agm002269194,Er2PbAu2,10,80.41,1.1209,200.97
agm147287273,Tb4Ho3Cd,8,11.97,0.358,202.77
agm003268121,Y4Se3N2,9,226.3,1.6675,411.17
agm125108237,Cs3Br2Cl,6,152.27,2.1571,244.3
agm103215044,RbSiF5,7,497.45,2.554,725.04
agm002284805,Li4Tb3P4,11,147.47,0.9295,413.81
agm142505803,RbGaBr4,12,178.4,1.7305,330.94
agm046066797,Tb2Tl5Cd,8,26.35,0.4998,196.83
agm091959699,CsBrCl6,8,191.85,1.4011,397.75
agm001140952,SrHoAu2,4,95.36,1.3066,212.42
agm042579245,Ho4AgAu3,8,64.57,0.9041,204.93
agm015254945,HoAu3,8,64.06,0.8395,210.32
agm011339406,Ca4TbAg2,7,107.87,0.9325,311.96
agm003192438,Sc2TlIn,4,33.76,0.478,276.57
agm005959383,Sc4Tl3In,8,23.82,0.4197,252.39
agm005774653,Tb4DyCd,6,16.34,0.392,206.96
agm013115409,Ca3DyPd4,8,137.43,1.1517,314.74
agm003209065,Dy3NiPd2,12,95.6,0.9674,268.31
agm038224787,SmGa6,7,45.35,0.4925,343.28
agm002029770,VMo,2,56.59,0.5226,367.05
agm124046074,TbPr3Cd2,6,24.83,0.4637,218.34
agm115791712,NaHSe,12,264.81,1.3534,544.35
agm002164895,Sr2AgN,8,197.23,1.6189,351.79
agm001950328,Sr2AgN,4,168.77,1.411,330.89
agm003104884,SrTcN3,10,327.41,1.5325,608.5
agm014416356,Zr4Cu3Ni,8,80.09,0.6512,362.84
agm049514641,Zr4CuRu3,8,70.06,0.6781,309.63
agm006032980,Rb3PO4,16,340.2,2.1754,518.32
agm003704943,BaGeSe3,10,140.72,1.24,321.68
agm003612859,ZnGaAg2,4,20.86,0.364,330.99
agm003465205,Li2CaIn4,7,89.29,0.7748,327.36
agm116263522,SrAg4Sn,6,49.44,0.5789,272.27
agm003262965,Be3Co,8,69.37,0.3895,849.35
agm003587395,Tb3DyCo8,12,76.02,0.6604,328.24
agm008009200,ErSc2,3,9.16,0.286,287.62
agm002334836,Rb(CuSb)2,5,74.87,0.718,293.32
agm015108703,Mg2Sc2Al,5,22.39,0.322,496.6
agm013818821,Sr2HgPd,4,101.79,1.1781,246.43
agm003311924,Tb3(PmCo)2,7,89.06,0.898,277.7
agm005935091,Tb2PmCo2,5,56.62,0.6342,272.44
agm020484252,Sr2SnHg3,6,72.9,0.877,213.44
agm003773370,InGaPb6,8,25.56,0.4908,191.72
agm003299928,DyHg7,8,18.38,0.4255,189.95
agm113707121,KBeI3,10,153.09,1.4689,295.54
agm076613209,RbLaO2,8,262.62,2.4568,416.91
agm005927459,La5Ga2Pb,16,65.96,0.8255,227.5
agm005897313,Li4AgHg2,7,103.58,0.8117,347.91
agm001267697,MgGaPd,3,99.26,0.7255,378.42
agm038660300,Sr3In2Pb,6,62.9,0.8112,221.01
agm088916137,LaGdSn,6,55.95,0.728,216.15
agm076232185,ZrCoH6,8,277.91,0.7855,1073.46
agm002338579,LaGaRu,12,98.63,0.8791,301.54
agm154291347,YHo6Er,8,4.13,0.2545,198.59
agm150900550,YHo6Er,8,3.87,0.2545,198.57
agm122064263,PuGa2Sn,8,41.25,0.556,255.47
agm003612338,Y2HoEr,4,5.13,0.259,220.21
agm064138522,Dy4In3Ag,8,37.93,0.5717,217.64
agm005893987,Dy2In2Ag,5,53.58,0.6534,234.56
agm006006719,Mg4Cd2Ir,7,57.14,0.5664,342.9
agm005892273,Sr2HgGe2,5,93.4,1.0319,258.44
agm001259139,SrHgGe,3,76.29,0.886,251.21
agm003630445,TbThCo2,4,81.02,0.7855,278.3
agm014546227,Y5UIr6,12,76.71,0.9272,241.58
agm001952190,BaLiGa2,4,81.71,0.7523,335.48
agm071816344,BaLi2Ga3,6,84.93,0.6869,373.33
agm008144142,SmSc5,6,9.22,0.2785,339.66
agm046184025,Sc3CdRh4,8,83.26,0.7275,332.84
agm078685218,NdGd3,4,4.55,0.268,199.7
agm005756789,ZrAlPt6,8,47.54,0.6145,250.07
agm014004207,Tb2YCo4,7,84.68,0.721,338.17
agm006069310,ScTl4Cl7,12,158.6,1.7062,308.89
agm096845702,SrPr3Hg4,8,50.24,0.7379,194.03
agm002093750,RbLiGe,6,120.92,0.8566,379.4
agm150620842,K3AgO2,6,300.42,1.9006,481.96
agm009915599,Ca3(GaPb)2,7,111.74,1.1069,270.84
agm019357468,Y2AgHg3,6,64.53,0.7647,228.04
agm005681169,Tb2GaRu3,6,85.82,0.8404,278.72
agm003766414,MgAgAu6,8,55.94,0.664,238.0
agm002941254,Rb(TlPd)2,5,50.13,0.642,236.78
agm003637164,Tb2CeRu,8,91.86,0.9394,245.82
agm005537701,Nd6P5,11,141.17,1.195,318.32
agm001139353,Lu2ZnCo,4,39.7,0.5321,265.95
agm068830501,CsNbI6,16,126.9,1.447,251.43
agm032478664,TbTm2Hg3,6,40.28,0.6743,190.79
agm005544154,TmHg4,5,35.37,0.5759,191.52
agm065496558,CaSn4Te5,10,41.49,0.5488,259.44
agm013716566,Ca2SnTe,8,122.07,1.0492,301.75
agm013284878,Dy2SnTe,8,80.56,0.8776,231.31
agm120304066,LaLu2Zn3,6,33.13,0.4896,255.32
agm039994469,LiSc2In5,16,51.24,0.556,309.09
agm005679156,CaZn2Cd,8,61.26,0.5756,350.22
agm008045754,SmHo2,6,5.48,0.28,192.06
agm009510988,Sm3Ho5,8,6.0,0.2815,192.25
agm018183428,La4SmHo3,8,9.41,0.3235,197.01
agm013734665,La2Sm2Ho,5,5.1,0.2734,195.9
agm005948205,AcAl2Au5,8,78.95,0.8666,240.13
agm015826382,YTl3S4,8,117.11,1.204,292.82
agm005968737,Er4Mg3Hg,8,19.32,0.3996,234.85
agm078627506,CeBi3,8,35.36,0.655,183.54
agm117045781,AcCuS2,16,146.91,1.159,333.17
agm003211439,KBeP,12,157.33,0.8358,569.94
agm003293628,AcNd,4,4.19,0.268,171.17
agm002172904,NbAsO4,12,405.84,1.7102,755.55
agm006091396,BaCd4Ge3,8,57.46,0.598,277.54
agm001258317,BaCdGe,3,82.65,0.922,257.54
agm156776306,CsBa2O6,9,276.36,2.1925,441.88
agm045354998,SmDy7,8,4.4,0.2594,194.53
agm114608636,SmDy,6,4.04,0.2575,193.05
agm018438959,LaSm5Dy2,8,6.12,0.2883,194.88
agm015282946,La2SmDy,4,7.88,0.3107,198.56
agm040302724,Ca2CeAg3,6,68.02,0.718,272.79
agm130268641,LaSm3Dy2,6,5.58,0.284,194.57
agm022576813,La4SmDy2,7,7.7,0.3083,198.76
agm053608736,SmDy,8,4.94,0.2725,194.06
agm046383506,La5SmDy2,8,8.08,0.3092,199.3
agm043184635,La2Sm5Dy,8,6.07,0.2875,195.92
agm005647586,Ba2PtI,8,120.66,1.672,212.25
agm005673970,Ac2TeIr,8,80.41,1.195,197.41
agm005224927,Fe2O3F,6,518.29,1.8047,853.87
agm005752528,RbTiCl5,7,298.38,1.951,489.21
agm001086301,Ac2AgHg,4,45.42,0.7084,174.88
agm046249306,LiLaIn,6,68.45,0.69,285.53
agm037390425,Mg2CdAg4,7,55.06,0.5629,326.71
agm002656429,BaCaCd2,4,51.79,0.6544,237.42
agm005711443,BaCa2Cd3,6,51.72,0.6449,255.66
agm003600476,RbGeIr,6,90.08,0.9138,271.56
agm003310542,La2Sm3Ag2,7,58.72,0.7364,226.64
agm118587899,LaSmAg,6,38.35,0.5772,215.69
agm005847780,MgTl5In2,8,14.71,0.3918,202.14
agm002287559,MgInBr3,10,180.37,1.5427,338.24
agm069493714,Mg6TlIn,8,33.69,0.4255,368.05
agm012803547,Tb2Ga3Cu,6,67.1,0.6684,302.15
agm002107724,TaN,2,227.21,1.636,404.91
agm021104567,Nd2SmY5,8,7.25,0.2898,235.21
agm038065570,Nd2SmY5,8,6.39,0.2774,236.11
agm090807873,Nd6SmY,8,5.4,0.2748,209.18
agm133415252,Nd2Sm3Y,6,4.94,0.2665,206.15
agm001124445,Nd2SmY,4,5.95,0.283,213.47
agm009243500,Nd2Sm3Y2,7,5.82,0.283,212.66
agm131263019,AcTlPb2,8,49.05,0.8568,171.85
agm003628898,Sr2PdPt,8,128.57,1.2749,259.14
agm035527825,CaSm3Hg4,8,49.62,0.7096,197.69
agm002181769,K(CuS)2,5,160.41,0.9373,437.87
agm002236672,K3CuS2,12,186.54,1.2246,428.52
agm002261262,BaCd2Au,8,83.28,0.9525,227.72
agm003169941,Ba2CdAu,4,67.64,0.96,195.16
agm083401382,Ac4Ru,5,91.17,1.24,215.08
agm002275311,TbGa5Au,7,60.57,0.6146,298.15
agm002213144,Tb(GaAu)2,10,82.54,0.9001,253.68
agm107779940,KTl3I4,8,101.1,1.366,208.07
agm060284472,CaAcCu4,6,88.53,0.76,324.58
agm005654532,AcAl2Cu,8,61.01,0.5976,317.69
agm081647006,AcAlCu2,8,60.49,0.6139,311.03
agm002382965,PuZnSi,9,50.95,0.6107,288.66
agm002247297,ZrInPd2,4,60.94,0.6685,285.57
agm005825056,Zr6TcPd,8,38.28,0.4845,294.82
agm001231030,AcDy2Y,4,7.67,0.304,190.82
agm156873438,ScIn2Cl5,8,232.93,1.681,422.86
agm053477812,Sc3AsP2,6,190.84,0.994,494.6
agm046457335,TbDy4Ho3,8,5.09,0.2823,194.52
agm003143553,CsInSe2,8,132.71,1.3019,269.99
agm007815238,Dy2Ho5,7,3.64,0.2547,193.32
agm013089830,Dy3Ho5,8,3.65,0.2545,193.65
agm010207302,DyHo3,4,3.71,0.2538,193.22
agm092294654,DyHo,8,3.85,0.2545,193.52
agm003771207,RbIn6Au,8,57.56,0.7087,247.88
agm001226606,TmTl2Sn,4,35.93,0.5695,200.04
agm055389845,TbGa3Rh4,8,67.15,0.6701,316.93
agm002335287,Tb2Cu2Sn,10,65.69,0.6989,273.2
agm001850150,Ce2Ge,3,91.05,0.9709,264.36
agm070324105,CaCeGe,6,94.97,0.8627,300.14
agm001283875,AcHo3,4,5.76,0.2987,178.23
agm005715722,Mg2GeI6,9,131.4,1.255,303.39
agm035604088,Sc3TcNi2,6,57.65,0.5324,396.98
agm080375782,CsRbSe,6,101.75,1.1551,233.34
agm044422662,La3PmPd4,8,95.87,1.1103,259.17
agm005574398,Ca3Tl2Pb3,8,67.32,0.8485,204.59
agm068987596,Li4AlAg,6,147.99,0.724,601.32
agm083495403,Li3AlAg4,8,111.43,0.7728,403.41
agm035379174,TbY3Cu2,6,40.31,0.5421,283.93
agm052239232,Tb3YCu4,8,58.06,0.6576,274.4
agm070210314,Zr6TlPb,8,41.7,0.5403,256.86
agm002167880,Zr6NiAs2,9,88.0,0.7235,330.66
agm092133012,TbGePd3,5,52.65,0.5896,298.92
agm003761358,KTlHg5,7,38.11,0.6,193.0
agm002143428,Ba2AsCl,4,159.91,1.852,272.49
agm005890176,TbNd3Sn2,6,54.42,0.7072,218.19
agm021133610,YHo3Ag4,8,45.34,0.6119,234.35
agm005750569,CsRbTl2,8,57.14,0.8205,182.27
agm157078139,Ba2CaIn3,6,68.12,0.8433,239.33
agm018116774,Sc4Co3Pt,8,76.94,0.6277,369.03
agm005773635,CaTb2Pt3,6,76.5,0.8936,220.68
agm003609013,RbHgTe,6,80.0,0.97,217.59
agm038350413,Rb4Hg2Au,7,70.96,0.975,200.2
agm145194749,NaOsF6,16,442.71,2.233,678.75
agm082221877,Li4PdAu,6,155.77,0.962,435.94
agm068869385,LiPdAu2,4,102.09,1.003,279.77
agm082663926,Tb4Ga3Pt,8,92.27,0.9307,259.11
agm005689601,InHgAu2,8,53.51,0.673,224.41
agm104984570,AcSnPb2,8,49.7,0.8035,182.47
agm006637614,CeH5Rh,14,225.34,0.847,683.05
agm003392384,Ac2PmTl2,5,29.55,0.5642,173.52
agm036958310,Ce3Th5,8,9.89,0.3445,181.48
agm010013361,Ce3Th4,7,10.3,0.3426,184.06
agm100648764,CeTh3,8,6.32,0.304,175.02
agm005824716,Li2Ga2Au,5,135.89,0.9823,369.16
agm051365943,Ca4TlAg3,8,67.17,0.7098,278.43
agm102419631,CaTlAg2,8,52.9,0.6266,261.29
agm151376490,LaGa2PdPt,10,88.35,0.8628,277.29
agm005590478,GaPdPt,12,37.12,0.489,286.7
agm046174784,Y2CuNi2,5,93.93,0.732,373.11
agm005736350,YCu2Ni,8,79.0,0.6086,389.75
agm014111910,YCu4Ni,6,49.83,0.4753,399.4
agm070511778,SrGa3Ag,5,61.84,0.5963,324.33
agm003599695,AcHoHg,6,60.93,0.8702,185.71
agm001160959,AcHoHg2,4,40.41,0.717,177.88
agm003740067,CsKHg4,6,70.25,0.965,191.07
agm005929943,Ca5InAu2,16,123.21,1.0842,283.71
agm045414919,Cs3Tl2Cl5,10,155.89,2.0842,262.75
agm041092686,Ce2PtRh3,6,90.83,0.8764,258.28
agm045615658,ScNb2Ir9,12,38.65,0.556,251.51
agm001836470,GaReTc,3,8.76,0.286,297.31
agm006660498,CeYH6,8,183.62,0.7437,686.0
agm003312381,Tb2Cd3Rh2,7,72.63,0.781,267.74
agm069152921,DyZnIr,12,72.92,0.817,257.15
agm002220260,CeMg,4,11.58,0.307,299.12
agm003200234,CeMg,6,15.49,0.3355,299.98
agm005223587,CeMg3,4,12.88,0.2928,378.72
agm001213237,Mg2HgBi,4,47.62,0.6126,246.32
agm111363017,CeGe2Rh,8,76.6,0.7585,311.58
agm006000189,Zr3NbOs4,8,58.81,0.6801,250.16
agm002139134,CeBr4,10,170.09,1.5748,305.15
agm002201393,CeBr2,3,171.46,1.906,295.2
agm053708886,Ca3PrZn4,8,58.36,0.5717,325.28
agm090565940,CsIrSe2,8,70.28,0.8035,258.05
agm003210875,Na6PbO5,12,368.94,2.0945,612.4
agm057134176,Na8Cl6O,15,384.99,2.3074,623.42
agm002217645,K3InSb2,12,110.85,1.0414,288.45
agm003748925,KIn4Pb,6,58.57,0.7444,235.5
agm002324408,ErZn3,12,31.03,0.4215,312.05
agm128548321,TbRhAu2,8,82.42,0.937,234.82
agm005975667,Mg2SiTe4,7,100.0,0.784,357.44
agm003310710,Pm2Er3Ni2,7,84.38,0.8392,270.08
agm006001040,Sr3TmMg4,8,33.12,0.4444,299.03
agm055308672,Li2Cd3Ag,6,86.8,0.7245,339.81
agm084383290,Li2CdAg,8,107.42,0.784,397.95
agm003186165,Li2CdAg,4,113.02,0.8144,384.49
agm003186157,LiCdAg2,4,80.42,0.7135,332.41
agm111378187,Li3Cd3Ag2,8,88.35,0.7144,350.66
agm001183781,TbBiRh4,6,64.27,0.7216,261.01
agm005656669,Ba(PbCl3)2,9,161.95,1.429,325.13
agm087513545,EuCu,4,70.01,0.67,298.88
agm104450686,Ac2Al2P,5,78.0,0.826,270.38
agm078009713,RbIn4Sn2Hg,8,37.79,0.5483,235.53
agm081815205,In5SnHg2,8,14.26,0.3625,227.15
agm003260908,Tm3Lu,8,3.96,0.259,192.66
agm069376699,YHoTl6,8,20.62,0.4278,193.75
agm017446097,TbZr3N4,8,298.77,1.8408,491.38
agm003611373,LaSnH,6,107.44,0.916,328.77
agm008153988,Nb5Tc,6,14.58,0.331,307.07
agm090140711,Nb7Tc,8,13.83,0.3213,306.55
agm045220252,Sr3Br3N,14,228.53,2.0869,351.23
agm111017640,Cs2BeH4,14,244.52,1.2717,539.02
agm014083413,AcCeTe2,8,94.21,1.141,218.86
agm003085110,KAuI3,10,92.12,1.0642,253.47
agm002257450,Mn2Be,3,12.16,0.2586,572.0
agm035457263,Tb3HoN4,8,247.97,1.9667,391.55
agm002146403,LaCd2Cu,8,49.98,0.5805,278.06
agm005815968,AcSmTe6,8,68.03,0.8513,225.97
agm003201642,SmTe2,6,83.24,0.9348,232.29
agm075940468,TbHoN2,8,223.92,1.9375,390.55
agm032193276,LaAl2Pd3,6,81.57,0.7216,329.86
agm002344686,MgSn2Ru,8,71.7,0.669,312.03
agm069543075,KInAu,6,94.32,1.1014,242.65
agm002217881,KInAu,12,119.33,1.21,246.56
agm032751582,Ba4Cd3Ag,8,50.42,0.7154,205.55
agm013400692,Ce3PuAs4,8,106.96,1.168,273.84
agm001091520,Ac2HgPb,4,52.45,0.8614,160.39
agm010012939,Tb3(ZnSi)2,7,83.03,0.745,313.28
agm009899377,Tb2Cd3Ag2,7,55.54,0.6605,252.82
agm003186496,Sc2HgPt,4,62.53,0.6917,260.32
agm002199237,Cs3Te3As,7,68.95,0.9015,203.84
agm001266042,RbAgTe,3,91.97,1.018,246.61
agm003191380,Zr2InAu,4,83.9,0.862,260.43
agm003186287,ZrIn2Au,4,73.17,0.7945,253.57
agm001977018,Ac2PrNd,4,4.13,0.2657,171.38
agm003192923,YPt2Rh,4,63.51,0.727,256.2
agm014495124,Ac2Pr2Nd,5,3.96,0.2638,177.96
agm106999821,Tb3GeSe2,6,139.96,1.393,279.81
agm119439726,AcPr2Nd,8,4.27,0.2624,187.94
agm104945311,AcPr5Nd2,8,4.3,0.2612,197.97
agm001220461,Ac2PrNd,4,4.4,0.2725,171.99
agm006080117,CaY5Rh6,12,92.54,0.8351,295.11
agm038219061,Tb2DyAg3,6,49.61,0.6717,227.53
agm082448073,NaVO3,10,550.23,2.089,932.6
agm002198344,Tb(AsPd)2,10,80.47,0.7495,296.06
agm003309655,Ce2Y3Ru2,7,83.86,0.824,277.87
agm017238607,K2Tl3Pd,6,62.19,0.8183,217.15
agm153083093,PrNdLu2,4,9.75,0.3318,200.85
agm005107392,RbYTe2,4,105.43,1.1975,250.58
agm098662002,CePm3S4,8,170.78,1.5573,331.45
agm046078697,Mg3AlRh4,8,110.95,0.7573,394.58
agm005725290,Mg2AlRh3,6,106.85,0.7587,398.32
agm003195932,CaAg4Hg,6,49.34,0.61,266.01
agm083426822,ZrCdAg,6,51.07,0.574,285.57
agm006661254,CeNdH6,8,148.16,0.7048,599.61
agm003190977,Ca2AgHg,4,69.33,0.7553,261.19
agm006041065,Bi4As3Se,8,29.92,0.4773,243.85
agm003411961,Tb2Ga3Si,6,78.33,0.703,318.44
agm154113605,ZrCdIn2,8,30.61,0.4525,270.7
agm013869309,Tb2TlAg2,5,58.15,0.7413,224.95
agm002209143,La2GaCu2,5,76.65,0.7509,297.05
agm036119710,LaGa2Cu3,6,48.62,0.5046,356.03
agm121098772,K2SnBr4,14,198.3,1.8829,324.54
agm008843746,La3(ZnCu)2,7,67.7,0.6876,281.19
agm002146032,La2ZnCu2,10,79.94,0.7853,290.52
agm002945554,Y(MnSi)2,5,80.97,0.5431,458.32
agm005828208,Ac(AlZn)2,5,37.9,0.4454,325.13
agm112501222,Ac2AlZn3,6,45.46,0.58,266.12
agm003498730,Mg(MnCl3)2,9,350.27,1.7916,587.88
agm070471358,YZn3Si,5,45.86,0.4724,396.62
agm068744005,TbYZn4,6,46.25,0.5146,322.31
agm001123363,TbY2Zn,4,23.97,0.4084,261.17
agm003598057,KZnAg,6,73.02,0.646,333.05
agm001171766,CaHoIr4,6,68.99,0.8566,232.81
agm005966954,Ca2LaSi4,7,116.46,0.7585,426.42
agm002209826,SrSnF4,6,227.33,1.5486,480.79
agm002924178,Y2H2Rh,5,107.2,0.7573,428.7
agm001641509,YHPtRh2,5,98.24,0.763,363.8
agm051306591,CaHo3Ir8,12,62.67,0.7992,226.51
agm003338080,Nd3(CuSi2)2,9,92.09,0.706,357.1
agm002161523,YMgPt,9,91.45,0.8633,289.69
agm071073691,SnF2,12,362.57,2.068,559.43
agm108665586,SnF2,12,344.98,2.068,556.88
agm074279068,SnF2,9,340.21,2.068,548.05
agm002335149,Ce2CuRu2,5,91.73,0.7823,327.09
agm068119009,CaPrPd2,8,133.01,1.1438,295.6
agm034110908,Li2SmTl3,6,42.84,0.5657,235.71
agm069790956,TbNdAg4,6,58.88,0.7056,254.3
agm003422705,Tb3NdAg2,6,37.71,0.5738,217.74
agm068961876,AgHgCl3,10,190.18,1.33,377.88
agm002752900,Y2ZnPt,4,65.48,0.7546,262.16
agm103454153,YZnNi4,6,66.31,0.5268,412.31
agm078048496,Cs2PdI4,7,118.63,1.51,224.35
agm032377109,CeDy2Au3,6,67.05,0.9546,199.28
agm005532074,Dy2Au5,7,60.91,0.8723,210.36
agm005987783,RbBa2Br5,8,157.3,1.9506,262.02
agm005624594,CaTmIn,6,61.56,0.6915,244.4
agm003612866,RbAgCl2,16,215.37,1.7851,373.61
agm117228675,ZrScAl6,8,34.39,0.3692,504.78
agm005683776,Zr2Co3Ni,6,65.5,0.5551,389.24
agm002209207,Dy3(CuGe)4,11,71.89,0.674,320.14
agm046665086,K3TlBr4,8,182.73,1.996,296.86
agm013901324,Zr2Nb2Au,5,49.68,0.6026,267.89
agm070252902,ZrTiAu4,6,73.02,0.8461,243.66
agm058190517,K5I4Br,10,164.67,1.96,284.81
agm019859452,K3I2Br,12,174.88,1.996,293.0
agm002217750,KTlBr3,10,158.96,1.7646,284.41
agm014103260,KTl3Br4,8,131.31,1.636,240.17
agm006118016,Tl5IBr8,14,112.66,1.2858,248.65
agm006092050,TbP3Ru4,8,61.22,0.5711,377.67
agm092987066,ScZnCu4,6,48.91,0.4781,414.29
agm005553925,Sc2Zn3Cu2,7,60.94,0.5226,417.35
agm046135729,RbPb2Cl5,16,127.1,1.1493,297.13
agm088886184,Na2VF6,9,593.71,2.68,872.33
agm012358702,Cs2LaBr5,16,164.16,2.0742,261.76
agm003201516,ThGe2,6,62.28,0.7292,261.48
agm098414007,NaAlH6,16,674.87,0.9441,1857.95
agm005772321,ZrTi2Os3,6,56.84,0.6438,273.71
agm003397778,K2HgTe2,10,92.96,1.0166,256.88
agm015676051,MgTaOs,6,56.89,0.643,269.0
agm038990943,MgTa2Os3,12,64.47,0.7365,246.2
agm006097967,Y(Si2Ir3)2,11,47.68,0.5504,296.06
agm005832426,CeBiAu4,6,70.26,0.9139,204.46
agm043416527,PmYSb2,4,92.03,1.0375,259.62
agm004793807,Sc4CdCu2Rh,8,80.53,0.657,370.39
agm069489452,PmY4Er,6,7.12,0.283,235.8
agm070295471,PmYEr6,8,5.55,0.2778,199.5
agm133243974,Zn3GaNi4,8,34.07,0.394,436.12
agm058448721,Ac4Mg3Zn,8,20.26,0.4252,210.11
agm070085551,NaNbF6,16,586.39,2.593,805.71
agm125985480,CsPbCl3,10,147.44,1.5514,294.19
agm003437133,Sc3GaCu2,6,59.15,0.5226,396.67
agm054810317,Sc4Ga3Cu,8,52.81,0.5017,385.68
agm002759631,CdHgCl2,4,122.75,1.1482,285.31
agm100849806,Rb2HgCl8,11,194.96,1.564,387.18
agm005825175,La2Cu3Pt,6,93.26,0.844,286.61
agm003206429,RbGeCl3,10,244.71,1.9276,397.26
agm005750257,LaCuHg5,7,45.25,0.61,213.33
agm002141079,Ca(SnAs)2,5,106.53,0.88,330.8
agm001834011,LaErCu,3,46.09,0.6088,244.07
agm003206343,Cs2SnAs2,10,81.16,0.9931,239.34
agm002274800,Ce6Ga2Pt,9,56.49,0.6972,241.62
agm003210896,CeGaPt,12,87.15,0.9806,254.55
agm003189220,Li2HoIn,4,60.44,0.6261,324.65
agm039526575,LiHo2In5,16,45.98,0.595,255.76
agm031615793,Sc4IrRu3,8,74.88,0.682,327.88
agm018896344,CsGa3Br8,12,168.88,1.609,316.53
agm005929094,Pm4CdAg3,8,53.16,0.646,226.54
agm040528479,Pm2CdAg3,6,70.05,0.7485,250.82
agm003422013,PmY3Cd2,6,25.66,0.4402,246.89
agm067477893,Pm7Sc,8,7.27,0.2931,214.18
agm002354321,Sc2SbBr2,5,164.43,1.2805,364.54
agm082966931,Ac(MgAu)2,5,90.87,1.0492,239.67
agm135446928,RbSb2Br7,10,152.25,1.3853,307.24
agm003605598,LiPmMg,6,27.32,0.392,351.85
agm046909360,LiMgPb,6,123.19,0.9925,317.09
agm001229307,ZrTiZn2,4,28.27,0.3876,362.27
agm005980816,Ti4NbPd3,8,60.42,0.5785,355.04
agm002145822,LaInCu2,8,59.61,0.6426,300.53
agm052014258,CaLa3Zn4,8,44.36,0.5489,272.5
agm002439992,CaLa3Co,5,58.38,0.646,261.9
agm069315808,CaLa2Co,8,53.48,0.6287,273.85
agm003466081,PmY2Tm5,8,5.98,0.286,205.13
agm102605770,Pm2Y4Tm,7,5.81,0.2654,229.22
agm005822806,RbAcTe4,12,86.18,1.0708,219.01
agm035438898,AcCu3Ni2,6,48.14,0.5167,337.92
agm003554589,Ac4PdAu3,8,99.87,1.3362,191.98
agm005814258,AcPd3Au2,6,63.76,0.7769,233.72
agm016594904,AcPdAu,6,81.56,1.0831,215.04
agm001218766,DyPd2Au,4,77.56,0.844,252.77
agm005708240,Tb3RuAu2,6,75.96,1.0005,217.24
agm003438429,TbSc2Au3,6,76.68,0.9398,237.24
agm005625913,Mg2TeSe,8,181.9,1.1635,413.65
agm003621616,SrCa2Cd,8,50.33,0.5805,288.24
agm003600223,AcAgPd,6,82.01,0.952,229.93
agm077869040,BaSr2Ca,4,6.84,0.2924,218.83
agm003171777,BaSrCa2,4,9.4,0.307,246.53
agm126335725,BaSr6Ca,8,5.61,0.2747,224.61
agm092546972,BaSr6Ca,8,5.66,0.2747,224.06
agm103850460,LiLuPt,6,99.64,0.9346,271.46
agm101061891,Li2LuPt3,6,105.96,1.001,279.35
agm001156968,CaPrPb2,4,79.56,1.009,208.66
agm003769350,V6CrFe,8,16.71,0.3017,460.29
agm050698631,V4Cr3Fe,8,16.98,0.3037,463.64
agm042861090,CePmSb2,4,96.45,1.0825,243.19
agm013451282,CsGaGe,6,71.97,0.7252,290.78
agm012997980,Sc4CoPd3,8,86.48,0.6956,356.79
agm005832016,Ce2HgH2,5,83.92,0.7802,303.48
agm003398630,Li2ThSi2,5,100.26,0.7231,396.53
agm130522731,CsLi2F3,6,391.79,2.1874,559.0
agm003609401,CeReTc,6,51.87,0.64,247.49
agm032426748,Sc2GaIr3,6,54.48,0.6333,276.26
agm003554277,Sc4Ga3Ir,8,94.26,0.7031,367.42
agm003391743,Tb2ScGa2,5,64.71,0.6973,283.19
agm093336172,Ac3IrPd2,6,84.21,1.1457,210.26
agm015240119,Pm2ErTm2,5,6.73,0.2914,194.1
agm010193450,ErTm,4,3.91,0.256,191.04
agm001194639,Er5Tm,6,3.53,0.253,191.37
agm014355960,Er2TmTh2,5,4.45,0.2698,180.42
agm019310330,Sc3Ag2Os,6,73.8,0.6712,309.84
agm002137009,La(BIr)2,10,86.51,0.7995,313.52
agm070388413,CaTmIr,12,82.48,0.9282,240.14
agm069063048,Ac2InPb,8,73.66,1.0036,181.72
agm001197681,CeAlSn2,4,62.56,0.6805,273.35
agm005972587,Ac4InHg3,8,37.8,0.7058,167.04
agm007893022,TiMo7,8,24.44,0.3895,323.43
agm078476400,NaAgF2,8,419.79,2.77,609.09
agm003764131,NaAgF6,8,504.12,2.395,781.58
agm088464225,NaAg4F5,10,332.35,2.1608,493.34
agm002294796,Eu2Ni2Pb,5,90.49,0.957,255.11
agm004890520,NaAgHg2F8,12,350.67,2.374,533.47
agm002233261,CeNiP,3,122.66,0.892,368.06
agm014195095,Ho3Sc2,5,6.22,0.2734,239.55
agm087248616,Rb3Co2Cl7,12,228.31,1.8937,419.45
agm005754347,HgSeO4,12,287.19,1.15,667.01
agm005685787,Sc2Fe3Co,6,65.54,0.5173,443.13
agm118574985,Gd2PdPt,4,96.35,1.078,239.83
agm003010429,La2InRh2,10,100.21,1.0276,257.56
agm005694107,Tb2BeIr3,6,73.33,0.7839,251.34
agm003469398,Na2PdF5,8,513.72,2.5916,715.74
agm002380080,Dy6Tl2Rh,9,37.73,0.6175,203.56
agm062909879,Sm2ErMg,4,7.04,0.2924,221.93
agm091171082,SmEr3Mg4,8,9.04,0.3018,259.15
agm033552222,La2Ge2Pb,5,90.63,1.047,239.91
agm152557302,K5CdAu2,8,107.06,1.1023,261.37
agm005963020,Ca3CeTl4,8,33.8,0.565,213.68
agm034971231,Sr2CaPb3,6,84.45,1.068,209.78
agm003630227,AcPrNi2,4,81.18,0.859,276.79
agm006436096,Fe3CoH4,8,148.79,0.5718,890.79
agm005837372,Li(TbIr)2,5,86.52,0.9763,253.33
agm135603887,Tb3PmSm4,8,5.69,0.2837,196.84
agm003769885,Tb6PmSm,8,5.14,0.2725,198.97
agm113374264,Tb6PmSm,8,4.52,0.2702,199.29
agm002926251,Cs(TlIn)2,5,41.63,0.6169,198.22
agm093511539,LiZnAg2,8,88.99,0.7195,371.56
agm003436955,Ca2TbCd3,6,51.81,0.592,258.22
agm090217156,Pm3H2Pd9,14,82.13,0.7734,318.88
agm005947456,Ba4GaHg3,8,55.84,0.8025,187.63
agm006023196,Pm3UAs4,8,115.42,1.1388,271.56
agm050824978,Sc4TlCd3,8,25.53,0.4152,286.51
agm006658694,CeH5Ru,14,162.78,0.6918,732.78
agm003429948,Tb2CeSb3,6,95.8,1.099,242.51
agm043146679,Tb3Sb2Se,6,119.35,1.255,251.79
agm002193659,LaZnAu,9,103.71,1.1092,247.0
agm100307452,La2GeAu3,6,91.7,1.0685,226.01
agm037149952,La3Zn2Au,6,64.35,0.7472,231.5
agm002277093,La2Ge2Au,10,101.01,1.0414,258.84
agm017943315,La2Ge3Au,6,94.86,0.955,270.97
agm003177223,Ta2NiP,4,62.84,0.608,314.49
agm002178738,TaNiP,12,80.4,0.6515,362.96
agm008123271,Ta4Ti,5,5.5,0.2623,235.86
agm069133948,SrBrCl,3,231.31,2.149,361.46
agm088205834,Ce2MgTl,8,36.91,0.5268,240.5
agm006077260,Pu3MgSn4,8,49.45,0.6557,218.39
agm035121709,Ac2La3Mg,6,6.32,0.292,193.97
agm037279684,Ac3La2Mg,6,6.17,0.2988,183.29
agm019002223,Zr3(ZnAg2)2,9,58.93,0.6007,311.85
agm043936790,Y2Ir3Os,12,65.76,0.7792,236.39
agm117432366,Sr2CaCl6,9,290.69,2.1751,440.48
agm001161182,TbDyHg2,4,46.02,0.6897,191.18
agm003731398,AcTaGe3,10,67.91,0.7292,273.05
agm108078075,LiEr3Pt2,6,77.78,0.913,230.45
agm102403569,ErCu4Pt,6,57.24,0.5904,315.2
agm085043864,Ta4GaC3,16,127.94,0.9905,358.2
agm006132676,Zn6CdRh5,12,71.52,0.616,351.13
agm157990880,Ac2EuPt2,5,91.67,1.282,208.7
agm001123712,TbYPd2,4,78.28,0.8127,257.02
agm001963071,CsTlPd2,4,77.09,0.8814,243.07
agm036047952,Pm2Pr4Nd,7,3.93,0.2513,206.76
agm102659221,Pm2(NdDy)3,8,6.01,0.2868,199.83
agm079040850,PrNd3Dy4,8,6.46,0.2939,199.32
agm110443216,PrNd2Dy5,8,6.47,0.2943,198.44
agm125609635,Pm2(PrDy)3,8,6.93,0.2939,201.44
agm078626271,Sr2In2I,5,97.61,1.1365,252.43
agm127611057,Pm3Pr3Nd2,8,4.04,0.2541,205.59
agm048344147,Pr5Dy3,8,6.85,0.2973,203.36
agm012380684,PrNd6Dy,8,4.9,0.2702,202.18
agm025159042,Pm2Pr2Nd2Dy,7,5.82,0.2761,202.86
agm144088775,Pm3PrNd4,8,3.95,0.2552,204.61
agm003205650,TaFeTe3,10,56.57,0.6197,292.71
agm009717054,Pr5Dy2,7,5.73,0.2847,204.62
agm013314430,PmPr2Dy,4,5.54,0.2838,203.08
agm024593606,Pm2Pr2NdDy2,7,6.59,0.2933,201.4
agm003774540,Ni6SnAs,8,18.21,0.322,417.89
agm044552421,PrNd4Dy3,8,6.18,0.2849,201.24
agm034826452,PrNd2Dy3,6,7.24,0.301,199.04
agm002348383,AcNi2Sn,4,53.23,0.6169,279.41
agm005666858,Sm2Zn3Pt,6,77.68,0.7545,276.15
agm002257795,Rb3YBr6,10,193.85,2.032,303.74
agm046687640,Sc4AlIn3,8,44.49,0.4892,343.24
agm034364586,Sr3CaHg4,8,64.77,0.8281,210.12
agm143112904,LuMgAu4,6,92.94,1.0,236.45
agm002138562,Cs4BeAs2,7,59.19,0.7284,229.95
agm001930981,RbGa2Pt,4,70.14,0.7786,259.02
agm001832382,AcLaCd,3,22.96,0.4736,188.76
agm109791780,AcLa3Cd4,8,34.45,0.5534,208.42
agm002166344,NaSiAu,6,130.85,1.069,329.8
agm002181328,Gd3In3Ru2,8,62.98,0.694,254.4
agm005963053,CaPm3Tl4,8,29.05,0.5229,194.2
agm003603349,CrTeSe,6,106.6,0.8485,370.94
agm056022501,LaNdCd4,6,48.43,0.637,240.46
agm009667159,Ac2La3Nd2,7,3.94,0.2637,182.51
agm013845077,AcLaNd,6,3.79,0.258,180.15
agm003771724,LaNdCd6,8,35.23,0.5177,245.78
agm019287254,AcLa3Nd2,6,4.76,0.27,190.67
agm023732177,Ac2La3Nd2,7,4.34,0.2689,182.75
agm019390397,AcLaNd6,8,4.5,0.268,193.32
agm001126458,LaNd2Cd,4,20.46,0.4199,212.77
agm034693472,Ce3In2Sn,6,65.57,0.7684,237.1
agm097189285,Si5Ge3,8,25.15,0.3242,554.71
agm005948726,Zr4Zn3Ir,8,49.04,0.5657,307.68
agm008086893,Th4Sc,5,3.93,0.2644,181.89
agm055105218,Ce3PmIn4,8,46.94,0.6453,232.12
agm001125345,Ac2CdAu,4,54.13,0.848,176.45
agm042574039,La2SnRh2,5,102.34,1.0497,275.89
agm037041509,Ho3Mg2Cu,6,29.26,0.4428,268.44
agm006002426,Pm4Ho3Mg,8,9.67,0.322,209.68
agm002150620,Ta2FeSe6,9,135.33,1.0827,343.06
agm128447950,CeEuN2,8,226.93,1.942,393.17
agm003553177,Tb4PdPt3,8,96.59,1.168,232.05
agm126653869,Tb2PdPt,8,101.55,1.1477,239.91
agm008828241,Ce3Ag3Pd2,8,88.57,0.9229,261.51
agm108266847,Pm3TmMg2,6,8.39,0.2998,237.56
agm040390230,CeCu3Ni2,6,55.6,0.5096,377.87
agm015010773,LiSm4Mg3,8,16.31,0.3603,265.51
agm003163941,Cd2RhAu,4,63.1,0.7015,263.94
agm005624494,La2RhAu,8,114.64,1.3107,240.52
agm005613539,Tb2(CN2)3,11,369.44,1.3937,749.0
agm046918348,Sc4Pd3Pt,8,78.04,0.6974,313.8
agm005814276,Tl(InHg)2,5,19.86,0.43,207.27
agm003178827,Tl2InHg,4,15.01,0.403,185.25
agm003082595,TlInHg,6,22.89,0.4552,200.61
agm005751667,PmInHg5,7,32.02,0.5465,198.56
agm035547650,Tl2In5Hg,8,12.93,0.3523,214.33
agm031964163,Tl3In2Hg,6,15.51,0.39,195.81
agm003178830,Tl2InHg,4,13.34,0.3715,191.53
agm003434097,AcSm2Cd3,6,30.69,0.5393,203.99
agm018181798,PmNd4Sm3,8,4.62,0.2658,199.95
agm116501879,PmNd5Sm2,8,4.58,0.2658,201.5
agm102832610,Mg4CuRh2,7,104.4,0.7163,429.75
agm005638432,LaNiCl,6,161.12,1.2832,349.52
agm105604238,Sc2BiS,8,148.6,1.096,348.91
agm031106775,Sc2TiCo3,6,67.1,0.5061,446.77
agm005778027,Ac3TbCd2,6,21.46,0.4815,177.11
agm003469585,Ac2CdSn5,8,46.48,0.6572,213.18
agm066890618,Sm6Cd5Ir,12,42.55,0.6181,221.69
agm015449269,Tb2RuRh,8,73.48,0.8414,248.93
agm006115094,CsSc5Se8,14,172.67,1.3625,363.65
agm100527508,AcLa5Pm2,8,3.93,0.2612,193.29
agm006138562,Mg4H3Ir,8,232.72,0.8508,743.22
agm002062080,CsHg2F,8,111.82,1.4913,228.98
agm003413214,Sc2Al3Zn,6,45.36,0.4234,484.64
agm003293860,PaGa,2,22.77,0.436,233.06
agm015222150,TbDy6Th,8,6.61,0.295,190.89
agm003123386,GaAgO2,8,344.52,1.69,603.27
agm006381333,H2PtS2,5,73.37,0.4814,571.81
agm002246065,CeZn2In,8,46.16,0.5417,293.15
agm005691339,YAlTc,6,54.84,0.561,348.45
agm002152090,CeGe2Pd,8,82.07,0.79,303.89
agm003584017,Sc3Cl7O,11,376.47,1.942,619.09
agm092681681,MnCo3H4,8,168.28,0.6123,883.31
agm002162212,MnGaCo2,4,32.21,0.3863,434.41
agm003600739,PmPrPb,6,66.27,0.898,197.73
agm001232653,Ce2ZnIn,4,56.38,0.6265,256.51
agm002246067,Ce2Zn2In,5,54.31,0.6325,272.05
agm006000746,Mg3InPb4,8,67.21,0.8037,229.29
agm002286998,MgInPb,12,64.8,0.76,247.19
agm015963421,NdCuPd,6,81.44,0.8224,287.68
agm002168904,ZrNiSb,3,80.31,0.7129,331.16
agm003420264,Pm2PrAu3,6,70.91,0.9751,199.75
agm006125231,Mg4MnSe5,10,203.16,1.3228,440.34
agm108251449,ScGaF6,8,566.77,2.4055,841.79
agm017951006,CeEr3Sb4,8,87.83,1.006,240.1
agm069898723,Y2CdIr,8,73.72,0.8362,265.66
agm039544603,Y3Cd2Ir,6,59.03,0.6689,257.77
agm099786303,Ta5Nb3,8,7.64,0.2886,239.71
agm082073288,Ta3Nb,8,6.3,0.2821,231.25
agm081682227,Ta3Nb,8,7.04,0.2886,231.36
agm046634168,Tb3SmRh4,8,77.42,0.8747,247.65
agm103130517,Tb3PmRh4,8,78.92,0.8559,247.15
agm003437490,Sc3In2Ag,6,45.65,0.5207,314.7
agm033319185,Ce2InHg3,6,55.62,0.745,205.08
agm108144548,CaAcAu2,8,103.78,1.4234,216.07
agm002243866,SrNdIn2,4,51.82,0.6646,225.61
agm005924728,Ca2La2Sm,5,6.6,0.2806,233.1
agm114195386,Tb4Tl2AgRh,8,51.39,0.7133,211.96
agm089347942,NdYHo2,4,5.5,0.2725,208.96
agm024515058,Nd(Y2Ho)2,7,6.16,0.2744,228.36
agm001179434,PmMgCo4,6,79.71,0.6226,388.29
agm014249686,Sr2CuGe3,6,106.86,0.886,332.08
agm035775574,Sr(Cu2Ge)2,7,53.71,0.4974,384.98
agm116302467,TbZn4Ni,6,52.98,0.5151,352.37
agm110183898,CaNd3Hg4,8,49.44,0.7238,199.32
agm088729349,InSnPb6,8,18.23,0.4293,186.54
agm002153988,MnHO2,4,574.33,1.756,1080.58
agm104011105,Rb3PSe4,16,136.86,1.2899,305.48
agm040508925,Li2SmAg3,6,112.07,0.8941,330.1
agm005941800,LiSm4Ag3,8,59.68,0.7375,240.77
agm011951517,Ca3(CuAu)2,7,132.62,1.15,312.24
agm042175223,Ce2Tl5Pb,8,39.23,0.6347,189.87
agm101818444,Rb3P2Pd7,12,103.72,0.9023,294.81
agm005125151,Ba2HgP,4,107.11,1.298,230.15
agm137344193,ScZnGa2,8,44.43,0.4765,391.77
agm043316122,MgTl3Pb2,6,35.65,0.596,194.18
agm048630223,Mg4Tl3Pb,8,42.82,0.5692,244.02
agm003182725,MgTl2Pb,4,44.16,0.6419,204.72
agm090379508,CsAgI2,8,111.49,1.3609,228.22
agm122301601,Tb4ZnAg3,8,54.96,0.6679,233.79
agm014505720,Zr2RuN2,5,278.97,1.6585,504.72
agm003204842,Nd2Ga5Cu3,10,52.02,0.5585,337.27
agm005927848,MnCrRu4,6,57.58,0.5475,367.11
agm039433602,Sc3Zn2Ga,6,40.17,0.4403,386.09
agm034495186,Sm3Ni2,5,50.5,0.6086,268.48
agm043642209,TbPm3Hg2,6,36.63,0.5975,192.59
agm003309387,Na2Ga3Pt2,7,91.19,0.8047,312.41
agm005904423,Mg4ZrCd,6,20.03,0.3278,397.42
agm001262908,YErTh,3,4.94,0.274,195.64
agm003774511,ZrSc6Cd,8,16.74,0.331,360.86
agm005777126,Zr2ScCd3,6,26.45,0.4313,283.01
agm138140538,Ca3ErCd4,8,48.48,0.5971,263.77
agm117417569,CeEuGa4,6,64.8,0.64,303.08
agm001123234,Y2TlGa,4,37.7,0.5307,249.68
agm003437945,Ce3TlGa2,6,47.63,0.626,241.96
agm020186392,Sr2PrTl3,6,35.61,0.6053,194.42
agm003416240,Pr2SmCd3,6,33.32,0.5329,219.69
agm127674973,Pm3SmCd4,8,34.87,0.5367,219.29
agm050717896,Ta3Fe8Pt,12,43.17,0.4782,334.53
agm007604692,LaSnHRh,16,93.89,0.7305,351.55
agm043446893,CeNdBiSb,4,89.48,1.0645,222.61
agm022914857,Dy2Si2BIr2,7,81.55,0.7432,309.42
agm004612174,Tb2Pm3PuS6,12,161.17,1.5415,316.23
agm088927453,CsLiCO3,12,298.76,1.7833,516.99
agm019441822,PmPrCuIr,4,101.23,1.0104,257.11
agm149033454,AcPr2SmCd4,8,34.65,0.5543,209.52
agm005018210,ScSi2IrRu,5,84.62,0.673,363.12
agm028876552,ScNbPbO5,16,359.6,1.9641,598.27
agm135613714,AlGa(AuSe2)2,8,98.5,0.757,362.25
agm144922722,GdLu3As4,8,107.6,1.0848,280.91
agm104683449,AlAuI4,6,99.69,0.916,313.05
agm002250535,AlSiSe,6,141.08,0.7589,548.46
agm036156939,KRb(YS2)2,8,202.86,1.654,402.71
agm004827443,Rb2PmDyS4,8,191.09,1.6322,340.9
agm010877674,TaCu3TeS3,8,136.92,0.8239,420.72
agm004829256,ErTl2BiS4,8,111.65,1.1095,277.3
agm104288066,SrHgGeS4,7,153.28,1.084,398.24
agm004816164,Rb2NdYS4,8,199.64,1.6294,363.62
agm005945235,Ac2TmGa2,5,44.36,0.62,209.23
agm005788615,PuPdBr6,8,154.2,1.348,322.62
agm014633686,Cs2BiBr5,8,144.32,1.834,236.79
agm090716742,KCl3,4,267.1,1.5136,517.32
agm140662255,Cs3RbBrCl3,8,180.96,2.3313,275.32
agm084152483,CsVF6,8,424.71,2.617,662.55
agm005738957,YAgBr4,6,173.14,1.4965,333.09
agm004771905,La2NdBrO4,8,202.49,1.8589,360.17
agm070043574,UGeCl6,8,210.49,1.5685,415.63
agm127750492,LaPmH6,8,222.21,1.0312,625.21
agm004813427,K4HI2Br,8,201.46,1.87,335.83
agm005542688,AcBr3,8,121.86,1.2802,243.86
agm004781625,K2RbLiCl4,16,281.37,2.1427,462.02
agm136703743,Ba4TeAsSeCl,8,139.1,1.6967,253.5
agm003471133,Rb2MnCl5,8,246.09,2.137,398.69
agm079767709,RbNbH6,8,200.75,0.6946,832.28
agm079061471,PmTl2Cd,8,27.65,0.4915,203.49
agm043942259,Ce4CS2O,8,206.43,1.7507,365.99
agm075423603,RbGaH4,6,285.27,0.898,882.84
agm051506784,Cs2USe3S,7,127.91,1.6288,254.64
agm014674675,CsSmTe2,4,92.64,1.1401,217.22
agm003158500,TeRhCl,3,93.43,0.727,368.55
agm064589584,RbCu2AgCl6,10,228.38,1.6287,454.87
agm137086254,CuAgCl3,5,222.49,1.3697,484.47
agm077660841,RbAgCl6,8,231.63,1.7458,427.6
agm043468867,KTlBrCl,4,166.05,1.906,285.7
agm001230281,Nb2VRe,4,19.03,0.3696,295.4
agm003161567,MnBrCl,3,250.04,1.609,451.47
agm011688381,Rb2PtBrCl3,7,182.67,1.873,323.89
agm005852491,Na2CaI4,7,168.08,1.786,300.3
agm005104290,RbDyO2,4,255.68,2.2755,414.12
agm004810709,Na2ZrGeTe4,8,111.2,0.97,303.4
agm004851891,CsNa2CrO4,8,312.52,1.843,547.11
agm002229390,ScSb2BrO4,8,217.35,1.4034,443.12
agm002207593,Dy2TlCu2,10,59.32,0.6858,249.43
agm140344928,CsBr4Cl,6,139.21,1.2094,318.39
agm006021658,Cs4AuCl3,8,155.47,2.2435,244.18
agm001387642,NaAcHgPb,4,67.25,0.9379,189.64
agm105708018,Na2HoLuS4,8,214.08,1.591,395.45
agm145971525,MoF3,8,414.15,1.888,700.14
agm049192398,Tb2ThScPd4,8,95.99,1.0022,264.43
agm005781744,PmZn4Ag,6,46.55,0.5097,328.98
agm063879710,KNaSO4,7,522.77,1.7913,940.67
agm028508230,MnPbF5,7,395.29,2.203,587.24
agm002154012,PrHO2,8,389.7,1.9285,647.18
agm003417812,Pm3Cd2Hg,6,40.57,0.6044,208.42
agm004823269,Na2SmTmSe4,8,168.07,1.582,324.57
agm112405124,CsMnAgBr4,7,169.89,1.633,316.24
agm019974354,SmErCuNi,4,85.36,0.7972,291.2
agm001268660,RbZnSb,3,66.16,0.8035,249.09
agm002270221,CeScF6,8,460.49,2.716,672.75
agm002362500,DyHoF6,8,370.63,2.7295,548.71
agm002173316,InSbO4,6,309.76,1.6225,600.97
agm001030924,KTeH,6,154.63,1.2001,346.34
agm006010785,K3AgF4,8,373.84,2.8443,548.19
agm136594677,KTbF4,6,334.71,2.3908,530.59
agm004765108,Cs2TlBiO4,8,234.32,2.017,369.89
agm031355652,LiCd2InTe4,8,75.36,0.7585,304.53
agm087497614,La4BiSb2Te,8,96.81,1.1095,228.96
agm117932953,Dy2GeF8,11,384.13,2.3992,558.92
agm141204615,KTeF5,7,389.64,2.374,646.63
agm005753842,Ti6BeIn,8,17.31,0.3108,436.42
agm004827863,Li2SmHoS4,8,231.88,1.591,429.81
agm048511490,Ce3NdGe4,8,97.1,0.9092,280.27
agm001333661,LiLuNiSn,4,90.62,0.8144,316.07
agm097439613,Ba2AgAuO4,8,235.78,1.9398,397.45
agm005937966,Li(SnPb)2,5,55.27,0.6839,231.62
agm133002901,LiBiSe2,4,126.76,1.1014,326.02
agm106640653,Li2CrO2F,6,663.51,2.422,979.85
agm003742720,NaNiCl4,6,340.4,1.7278,581.52
agm004763614,Rb2CeCdO4,8,254.39,2.0563,431.82
agm002266943,Dy3Zn2(CuAs2)2,11,97.79,0.8365,319.37
agm068791683,HfSnCl6,16,227.37,1.627,419.09
agm005952350,La4TlAu3,8,80.68,1.1549,200.2
agm030132038,Ce2YErHg4,8,47.14,0.6955,197.32
agm040469506,Cd2GeO4,7,339.4,1.681,621.69
agm014094339,Ca(SmY)2,5,7.25,0.2896,236.63
agm002209848,Cs2InF5,8,281.56,2.7869,409.01
agm004852159,Li2HgGeS4,8,217.87,1.2288,511.63
agm003264903,TbCl2F,8,208.26,1.546,391.43
agm002158920,CsLiS,6,193.71,1.465,377.18
agm003438435,La3Tl2Au,6,51.56,0.7417,192.72
agm003036205,TlPbAu,6,50.29,0.7256,198.73
agm015546331,K2HgF4,7,334.7,2.6958,480.96
agm039771448,Li2MnGeS4,8,297.09,1.33,644.54
agm126833137,CsRbPrTmTe4,8,103.32,1.2063,230.69
agm079043138,RbUI6,8,123.44,1.57,239.37
agm004854330,KNa2GaBr4,8,223.3,1.9038,369.25
agm004822997,NaSr2HoSe4,8,169.28,1.6315,318.3
agm003058726,In3IrCl,10,97.68,0.9736,281.54
agm065824953,KRbHgCl4,14,214.53,1.9017,357.38
agm118458610,Be4Se3S,8,289.93,1.1387,654.9
agm003204386,ZrBe4Fe,6,65.09,0.43,644.02
agm020327539,LiNdSeS,8,207.87,1.5874,397.43
agm006009856,Rb4H3Br,8,197.99,1.663,382.51
agm004753493,AcPr(NiP)2,6,100.96,0.895,328.33
agm004765253,K2ErRhO4,8,298.66,1.8646,504.95
agm155033861,KRbYBiTe4,8,94.15,1.042,244.23
agm081526866,CaEr2ZrN4,8,251.62,1.9038,461.07
agm083361555,BaSr4Li3,8,6.68,0.2676,282.21
agm006907718,KRbHClO,5,322.19,2.0389,504.43
agm004873137,TbZn2PN4,8,325.84,1.4056,664.4
agm004812354,Na2LaTbO4,8,332.58,2.4325,502.33
agm003624079,YHS2,8,250.06,1.2535,582.3
agm003618469,ScHO2,8,664.56,1.87,1103.98
agm005954813,PN2F5,8,703.84,1.5925,1357.19
agm004834988,K2HfTe4Pb,8,89.61,1.0086,247.17
agm082326653,KGdTe2,4,113.05,1.2054,247.79
agm066739392,RbInGeO4,7,340.73,1.834,612.6
agm005725044,KSiH3,5,394.42,1.0754,1007.7
agm158288485,KRbAcNdTe4,8,104.12,1.267,229.34
agm077816224,CaCeSm2N4,8,265.4,1.9825,432.83
agm103029432,KRbBr2,8,207.01,2.176,308.78
agm004995866,TlHgAuS2,10,77.47,0.8044,268.77
agm002859272,NaVN2,8,497.6,1.729,869.14
agm040699755,CsK(HoTe2)2,8,102.12,1.2056,234.94
agm123247545,CdCuAgI4,7,102.38,0.988,301.92
agm118308730,Lu2SO2,5,273.19,2.0482,426.19
agm002275253,CeGa5Ir,7,62.31,0.6123,309.94
agm080424884,CuAg3I4,8,105.55,0.9138,300.87
agm002145910,Cu2MoSe4,7,91.16,0.6887,406.45
agm064730597,Na3MnCl6,10,355.39,2.076,572.07
agm041751062,Na2MnCl6,9,384.21,1.978,591.97
agm078212328,Ca2SnPbSe4,8,139.43,1.1298,310.5
agm005480781,BeFe2,6,52.25,0.406,611.61
agm005189054,PrThTlIn,4,31.26,0.541,196.19
agm003201845,P2Pd,6,9.97,0.256,515.59
agm003160684,NbSbRu,3,59.66,0.6164,304.67
agm002176744,LuZnPO,8,187.97,1.2256,438.47
agm098451577,CsGaSnSe4,7,131.33,1.1854,293.06
agm005681479,NbGaPt,3,58.27,0.6267,292.05
agm005245097,TeW2Se3,6,31.43,0.4367,311.44
agm003603571,PrSeBr,6,153.77,1.5066,289.44
agm002301370,BaNa2GeO4,8,383.4,2.197,607.61
agm157809295,CsCaAsO4,7,299.87,1.8205,498.65
agm089623707,SmTl2BiSe4,8,92.36,1.0624,238.34
agm052696469,TbThZn4,6,41.01,0.511,281.84
agm002343176,MgTiAlIr,4,77.27,0.664,363.1
agm039845592,BaSr2PbSe4,8,133.73,1.393,274.35
agm002304975,Gd(CoP)2,5,102.45,0.7575,407.63
agm019770304,TbSnPO,8,191.39,1.4872,388.32
agm088791701,RbCdAsO4,7,280.99,1.807,503.56
agm038959103,Rb2HfZnO4,8,346.0,2.215,504.44
agm084200606,Se,3,7.46,0.25,425.05
agm087910127,Na2Zn2O3,7,480.14,2.1387,711.22
agm103167129,Pm4Zn3Cu,8,45.36,0.5656,258.89
agm137874470,KSr2GaO4,8,384.98,2.2048,594.93
agm096551770,Rb2TiSnO4,8,297.68,2.173,485.81
agm111308987,BeSnHgSe4,7,123.49,0.886,369.72
agm003283311,TiGaTc,3,48.54,0.466,385.86
agm004811890,Rb2PrErO4,8,289.64,2.389,423.62
agm004812571,Cs2AcNdO4,8,210.73,2.1246,332.12
agm002272649,FeGeMo,3,40.98,0.439,398.57
agm134064515,MgZr4In3,8,39.44,0.4908,294.45
agm026273508,KRb(SmTe2)2,8,108.84,1.2445,241.56
agm002300359,NdCdPO,8,207.82,1.51,406.37
agm109202632,RbSrAs,6,115.51,1.0964,277.87
agm012448677,LaPr2NdSm4,8,5.56,0.28,200.3
agm012858596,Ti2MnCuSb2,6,63.74,0.5527,375.79
agm070172625,NpGeCl6,8,240.24,1.5775,417.69
agm003434640,Tb3InHg2,6,49.22,0.6952,199.75
agm098962720,La2Pr4NdSm,8,5.29,0.2747,205.39
agm004864917,LaPr4Nd2Sm,8,4.72,0.2654,205.78
agm114126832,LaPr5NdSm,8,4.93,0.265,206.09
agm002217368,Tb2InHg,4,46.99,0.6987,203.29
agm005938727,PmDyO4,6,322.42,2.062,487.24
agm018142809,HfSnO4,6,320.72,1.879,550.38
agm013811314,KYSe2,8,184.7,1.627,339.61
agm120777941,TbNd3Sm3Y,8,6.11,0.2838,203.79
agm004825400,K2TbPmSe4,8,189.49,1.6742,304.65
agm002155915,KHoTe2,4,109.78,1.2175,250.47
agm020560166,KRb2TaSe4,8,136.6,1.4594,277.39
agm118472877,KAgSO4,7,391.92,1.5662,754.32
agm018534404,CsK2TaSe4,8,145.23,1.4213,285.98
agm103617445,KRb(AcTe2)2,8,106.12,1.276,217.6
agm091983325,SmY(TmCd2)2,8,29.31,0.501,224.82
agm109427999,K2LuBiTe4,8,90.7,1.0308,242.71
agm005967339,In4ICl3,8,139.32,1.3795,290.18
agm032260185,Cs2KNbO4,8,302.58,2.338,471.37
agm033849973,Hf2ZrC3,6,217.49,1.366,426.62
agm002204875,SrCaCl4,6,308.36,2.2165,467.6
agm038723407,AcPr2NdZn4,8,40.22,0.5394,243.03
agm004850325,NaSmCd2O4,8,299.07,2.113,489.47
agm003415846,K3I2Cl,6,183.78,2.056,312.62
agm004832019,Rb2ErTmTe4,8,102.01,1.2107,233.48
agm005187673,PmThTlHg,4,34.57,0.607,185.07
agm077933903,In4IBr3,8,116.87,1.2445,258.8
agm069865873,CeTaRh6,8,71.34,0.6865,293.7
agm104359478,RbTl2In(BrCl)2,8,131.64,1.69,260.69
agm003191276,Ba2AuBr,4,136.09,1.924,222.28
agm040581762,LiHo4CuIr2,8,69.79,0.7643,237.87
agm115384555,Rb2DyLuTe4,8,96.91,1.1834,237.23
agm081273872,La3Tb2Pr2Y,8,5.88,0.2792,208.37
agm092574891,RbTl2InI4,8,94.47,1.33,210.28
agm025283620,La2Tb(PrY)2,7,7.92,0.3053,217.27
agm005627482,NaTl2F3,6,262.58,2.6224,382.74
agm011692920,Tl2Pt(ICl)2,7,114.88,1.213,244.16
agm083895165,Ca4Te2AsCl,8,191.99,1.4965,351.88
agm002258352,Pr3FeC4,8,185.09,1.144,441.61
agm067271087,PmIBr2,8,136.75,1.3987,268.5
agm136663188,Li2DyBiSe4,8,142.34,1.375,331.2
agm003441039,Cs2NiCl4,7,211.57,2.047,349.76
agm011692156,Cs2PdI3Br,7,123.08,1.5775,234.36
agm003707759,NaSnCl3,10,256.23,1.7935,437.45
agm002061378,CdBrF,6,246.34,1.9438,425.4
agm004775842,CsRb2InBr4,8,153.38,1.9667,264.39
agm023186483,AcMn2(FeGe)2,7,62.93,0.5929,352.94
agm003559587,K4Br3Cl,8,239.33,2.221,367.07
agm005697678,SmBr2Cl,8,140.72,1.2968,299.78
agm035947290,LaY(CdHg2)2,8,47.0,0.6705,211.98
agm005742808,ZnGaF5,7,514.14,2.275,769.13
agm098380980,Eu2PbSe3,6,106.19,1.126,259.55
agm081131872,PtPbCl6,8,147.47,1.027,400.52
agm002148184,BaTbF5,7,241.03,1.6828,449.13
agm002149271,SrCuTeF,8,152.37,1.219,377.72
agm100708689,Gd4Te3Pb,8,94.25,1.1118,230.18
agm077867825,SrLa2CeAs4,8,133.41,1.2512,288.65
agm002233960,CsCd4P3,8,73.71,0.7053,298.34
agm136242565,YTl(PbSe2)2,8,87.69,0.8575,254.37
agm128815966,NaCdClF2,5,394.35,2.533,593.59
agm003263465,ErAgTe2,8,67.42,0.7756,258.08
agm117959715,KMnF6,8,569.47,2.7356,766.0
agm076135785,LaSbF6,8,350.15,2.0386,538.15
agm002210421,NaCrF6,8,614.73,2.557,938.36
agm002269996,PuMnF6,8,396.23,2.5585,587.12
agm002315267,YbSnSe2,4,116.85,1.168,280.57
agm150894586,CsRbErBiSe4,8,127.88,1.3255,266.16
agm014559519,HfNiF6,8,433.6,2.3875,668.17
agm078333599,LaTl(PbSe2)2,8,81.48,0.8845,244.83
agm001017963,FeClF,6,388.59,1.816,648.46
agm004760022,Rb2CaCl3F,7,291.81,2.5206,402.03
agm077886376,Rb2BrF5,8,345.97,2.5014,524.66
agm154884501,Pr3Nd3DyHo,8,6.94,0.2935,203.25
agm003201735,SmSF,6,203.62,1.5154,378.14
agm006033227,Hg2PdF4,7,242.63,1.7818,421.2
agm005856352,Ac2TeF4,7,193.73,1.7752,319.53
agm002363069,SrOsF6,8,368.2,2.3634,552.36
agm069468314,RbIF6,8,350.02,2.266,541.08
agm001238849,LiLuC,3,189.42,1.0947,435.2
agm006916145,BaMgSbH,8,128.96,0.988,366.11
agm002196006,Sc2Al3Cu,12,52.56,0.4412,483.91
agm007518002,SrZnAsH,8,155.71,1.0362,421.1
agm126128195,Rb3Cl2F,6,257.01,2.602,368.62
agm014541156,PuZnF6,8,403.28,2.5135,581.33
agm113869620,RbBrF4,6,375.11,2.131,577.63
agm007591350,KCdHSe,8,210.99,1.3079,428.34
agm002126928,RbAu,2,78.26,1.1346,194.09
agm006080090,Rb3PaTe4,8,94.01,1.186,229.91
agm069130067,HfCuBr6,8,182.66,1.474,356.94
agm099213923,TlRuF6,8,347.65,2.026,562.19
agm010090363,Hf2(ZnGa)3,8,41.73,0.4915,320.22
agm103417163,NaBrF4,6,497.37,2.0815,731.15
agm062090114,Al5FeRh6,12,72.52,0.5899,393.08
agm002270215,RuRhF6,8,386.29,1.816,706.07
agm003449073,K2PbI4,7,116.75,1.453,239.17
agm003411802,Sc2Ga3Pt,6,79.05,0.6768,339.97
agm004851695,RbLi2TaSe4,8,192.28,1.582,363.1
agm002799464,BeSiP2,8,186.15,0.6595,809.51
agm003557798,Na3LiI4,8,205.46,1.7957,346.2
agm138677298,KLaPmInTe4,8,98.09,1.0533,244.48
agm117136286,TlHSe,6,100.71,0.895,297.55
agm004762777,K2TlInTe4,8,84.34,0.9438,235.6
agm005741062,VCdI4,6,119.88,1.15,287.35
agm012483139,TaV(CoSn)2,6,48.56,0.5039,332.43
agm004823930,KPa(TlSe2)2,8,120.93,1.2727,253.85
agm002153139,CsPH2SO3,8,328.63,1.6935,610.14
agm122922431,Ce3YIn4,8,50.68,0.6385,238.42
agm007082100,CsHICl,4,184.12,1.7842,309.57
agm126975826,BaCaSnTe4Pb,8,78.6,0.853,239.93
agm017502895,Ce3YIn4,8,50.93,0.6385,239.27
agm104734506,ZnCdBr4,6,196.1,1.411,385.0
agm131423914,Zn2AsI,4,117.83,0.943,368.98
agm004852723,AlGa(CuS2)2,8,201.25,0.9475,584.08
agm017697697,Ca(PaSe3)2,9,142.39,1.345,299.37
agm088674702,Na2H4Pd,7,303.84,1.012,850.77
agm002800662,MgBeTe2,8,121.86,0.844,398.52
agm108632959,K2PbF6,9,341.29,2.2968,533.04
agm002153226,Ba2H3Cl,6,175.25,1.2163,418.17
agm004541204,Sr2Ce(BrN)2,7,218.1,1.9258,358.48
agm075999065,ZrFeH6,8,306.21,0.808,1084.26
agm004852032,CsNa2TaS4,8,206.39,1.606,390.77
agm005203768,LiSmSbH,8,132.05,0.9224,375.87
agm061736817,MgCdGeSe4,7,149.64,1.042,401.04
agm005796164,DyH2Br,8,163.31,0.9094,464.4
agm004542049,Ba2Mg(SeI)2,7,145.83,1.7018,257.58
agm007003189,SrCdBiH,8,81.24,0.817,285.79
agm004794332,Er4AlCdAg2,8,39.93,0.5869,232.98
agm005847274,Zr2In2C,5,86.5,0.7377,334.44
agm012845639,Na3TaSe4,8,194.99,1.5028,390.76
agm003166164,AgAs2Br,4,80.8,0.6794,369.53
agm003285085,BaI2,6,124.18,1.843,225.09
agm078602723,BaNa2GeSe4,8,148.28,1.2388,339.44
agm014651353,NaTmSe2,8,167.08,1.564,322.81
agm003437784,Al2GaNi3,6,33.88,0.3786,472.4
agm020338134,TbYCuRu,4,103.96,0.9846,302.17
agm035701952,Sc3Cu2Hg,6,63.4,0.609,334.61
agm005622503,AcHI2,4,110.08,1.186,262.34
agm004822908,Na2TbSbSe4,8,160.37,1.4177,334.77
agm064998946,ScTlZnCl6,9,258.56,1.7188,439.74
agm006996073,Th2SiTeH2,6,86.7,0.79,304.13
agm001078195,Tl2SnCl4,7,171.85,1.4065,322.21
agm137108527,TbLuIn2,4,46.37,0.6198,225.68
agm002149112,KSb2F7,10,394.62,2.356,594.46
agm090771156,Eu2GaPt3,12,72.88,0.836,229.54
agm091596090,Na2PbI4,7,127.83,1.3272,259.41
agm032335626,BaNa2SnTe4,8,103.47,1.0802,279.23
agm024940879,K2NaAsS4,8,213.66,1.3176,471.55
agm082766659,KSbF5,14,417.84,2.4614,632.98
agm084962249,KSbF6,16,458.34,2.356,692.78
agm070263746,KBiCl4,6,217.47,1.816,372.98
agm002306347,Cs2PPt,8,78.56,1.0255,222.0
agm064146183,Cs3ErI6,10,124.86,1.771,216.35
agm028573601,Ca8AgAs5,14,160.54,1.1607,373.31
agm005740963,YInI4,6,111.7,1.294,250.94
agm007965733,GaI,4,96.22,1.015,270.35
agm001085874,Tl2HgCl4,7,148.74,1.465,287.79
agm004540973,Cs2Cu(BrCl)2,7,179.41,1.96,304.21
agm003755634,CeHoGa4,6,64.49,0.631,304.23
agm005818462,Cs2HgSe2,5,128.01,1.5229,237.24
agm004827703,LiCa2PmS4,8,260.52,1.6473,470.98
agm046241228,Sc2TlInS4,8,126.61,1.021,357.67
agm005790742,HfVCl6,8,267.17,1.7755,486.58
agm004821874,Rb2DyHoSe4,8,139.57,1.6247,278.68
agm156717417,NaLiI2,8,188.85,1.7845,337.61
agm046902125,RbLi2ScSb2,6,110.07,0.9063,344.01
agm002130059,InSI,6,138.46,0.988,358.54
agm003768082,TaTlCl6,8,186.69,1.69,328.88
agm075817618,RbPa(TlSe2)2,8,110.04,1.2522,247.02
agm005186193,PmErTlZn,4,28.34,0.5041,216.64
agm099085161,CsTbTeSe4,7,130.16,1.1883,281.63
agm040380130,CsK(LaS2)2,8,177.85,1.7148,330.25
agm090630000,LiCdClO,8,342.53,2.0072,613.15
agm005113723,RbTmS2,4,167.83,1.5266,333.15
agm113065381,NaLi2PaS4,8,233.27,1.5842,465.35
agm066446949,LiBeAsO4,7,644.1,1.8196,1080.6
agm004830273,K2AcNdS4,8,180.04,1.699,338.23
agm147907220,Li2PmPrSe4,8,189.82,1.5955,348.12
agm003616348,LiTlI2,8,142.36,1.4932,262.32
agm002238163,CsSb2,6,66.38,0.8879,212.56
agm109675314,LuTl2SbTe4,8,48.84,0.664,221.24
agm004829305,PrTm(TlS2)2,8,143.94,1.3075,287.34
agm080269625,Zn4Se3S,8,173.37,1.0667,447.49
agm004816300,YSc(TlS2)2,8,135.09,1.1603,323.15
agm090630073,Cs4KRb2,7,3.19,0.25,176.57
agm099785742,Cs2KRb5,8,3.37,0.25,189.42
agm002244378,CsPrTe2,8,97.48,1.276,220.44
agm043574193,CsPm2TlS4,8,159.88,1.4907,300.15
agm043708348,LaHo(TlTe2)2,8,73.67,0.8868,216.79
agm043683702,ErSc3(InSe2)4,16,128.42,1.1455,318.95
agm003138855,RbScS2,4,188.67,1.1766,408.58
agm088373557,Rb2LiCoO4,8,367.64,2.1152,553.39
agm077644355,Cs2KRb2,5,3.37,0.25,186.03
agm001837165,CsKRb,3,4.17,0.2635,198.74
agm149940682,CsKPmDyS4,8,177.0,1.6255,341.41
agm093648971,Sc4CS2Br,8,257.82,1.3891,533.93
agm116768252,CsK6Rb,8,4.95,0.256,248.4
agm004777958,Na2LiPaSe4,8,198.86,1.5685,352.01
agm099230722,CsK2Rb5,8,3.66,0.2522,202.96
agm045076269,CsKRb2,4,4.33,0.2635,193.53
agm048194563,Cs3TlI4,8,110.37,1.7463,197.2
agm002088156,CsI2,6,111.29,1.5446,205.87
agm018658071,Cs4KRb2,7,4.22,0.268,177.59
agm110493654,CsK5Rb,7,4.49,0.25,248.05
agm005190493,LiSbSeS,4,189.84,1.2792,415.17
agm141046887,CsK3Rb4,8,4.01,0.2521,215.65
agm090896857,Cs(K2Rb)2,7,4.6,0.2542,230.06
agm004771917,Ce2NdBrO4,8,218.28,1.8506,366.63
agm004841547,Sr2ScPaBi4,8,76.4,0.997,215.81
agm003202173,Ba2CuClO2,6,211.69,1.7538,362.06
agm133205739,CsK4Rb3,8,4.62,0.2577,221.06
agm003269359,SrAgO2,8,310.98,2.05,508.89
agm077693989,Cs2K3Rb2,7,4.63,0.2603,207.66
agm141483403,CsK4Rb3,8,4.46,0.2529,220.96
agm093945722,Cs2K5Rb,8,4.54,0.2583,224.8
agm019951886,CePAuO,8,154.23,1.2112,357.3
agm004827135,TbPm(AgS2)2,8,154.9,1.2018,354.48
agm003477289,Ac5Si2Sn,16,67.94,0.8713,200.74
agm004545197,K2Hg2Se2S,7,128.21,1.108,311.18
agm001287935,SrAcGeAu,4,78.44,1.024,206.34
agm005033806,ZrTlAuSe3,12,95.66,0.9055,267.22
agm032397561,Tm3In3CuIr2,9,67.72,0.7796,246.57
agm001028027,FeTeSe,6,92.64,0.6897,380.01
agm099128722,BaTl2SnTe4,8,56.32,0.785,206.92
agm082630126,DyAgS2,8,173.07,1.3143,368.97
agm064644203,KLiCuCl4,7,352.36,1.984,562.69
agm004832405,Li2NdTmTe4,8,116.25,1.1613,283.14
agm044926574,LiMg2TlSe4,8,189.16,1.3705,403.01
agm011089916,CsRbPtSeS,5,95.45,1.0304,253.27
agm012572567,Ce2Cu3Pd,6,94.79,0.8135,305.72
agm113148938,Rb2SmS2Cl,6,185.74,1.903,336.35
agm089199068,AcTeHRh,4,66.93,0.6244,340.09
agm006012387,CeHg2Pd5,8,44.57,0.553,261.52
agm004827547,Li2ErScS4,8,240.5,1.546,503.44
agm005644599,Sr2SnS3,6,195.76,1.414,369.14
agm002172964,Ca3CdO4,8,396.44,2.2908,609.43
agm002182741,K3TaS4,8,247.89,1.5892,430.57
agm004465160,LiCl,8,498.7,2.212,814.62
agm004774429,TlV(AgS2)2,8,147.38,0.952,407.84
agm004851471,Li2AcBS4,8,180.49,1.0915,463.24
agm113521939,TaCo2P,8,62.02,0.5415,388.7
agm106756960,Li2GdScS4,8,258.34,1.555,506.44
agm005849814,Li2MgF4,7,779.02,2.8227,1139.15
agm003619465,PmNd2Co,8,76.57,0.844,268.87
agm004827840,Li2TbNdS4,8,207.69,1.627,433.13
agm005740887,YAgI4,6,118.0,1.2265,267.26
agm004693561,Dy3ZrAg3S8,15,174.65,1.186,370.8
agm003208517,Hg2P2S7,11,108.53,0.6476,514.32
agm129985852,ZrTl2PbCl8,12,172.64,1.5166,340.43
agm004816182,Li2YScS4,8,304.03,1.5505,568.33
agm039491682,LiMg2InS4,8,276.66,1.3615,592.55
agm002170633,Cs2ZnO2,5,245.43,2.4139,379.21
agm046140868,KLi2HoP2,6,160.14,1.0369,442.44
agm004745531,NaLi2TbAs2,6,127.99,0.9074,400.16
agm005981812,MgCd3Pt4,8,59.28,0.661,258.01
agm001077161,Rb2VBr4,7,177.04,1.8844,311.59
agm143181743,K2GdDyO4,8,311.34,2.374,470.63
agm081690853,RbLiCrO4,7,410.93,2.0346,681.85
agm052450925,KEr3Tl4,8,26.38,0.5157,190.07
agm103680948,LiNd(SnTe2)2,8,74.88,0.781,266.12
agm004811913,Rb2TbTmO4,8,247.53,2.005,394.56
agm004822053,Li2HoSbSe4,8,163.18,1.366,356.76
agm019862632,PrNdPdPt,4,100.89,1.1292,241.22
agm033436993,Sc2UGaRu4,8,94.73,0.8168,312.45
agm103665653,Rb2US4,7,180.52,1.582,343.88
agm003743939,NpMnO4,6,334.58,2.0365,548.47
agm114354497,LiBeTlCl4,7,246.68,1.6977,444.49
agm002139122,ZrBr3,8,192.87,1.6042,356.84
agm004828531,Ba2NaAcS4,8,168.94,1.7148,316.99
agm026095216,Li2CdSnTe4,8,102.78,0.8778,327.89
agm153022925,NaLi(GdSe2)2,8,180.69,1.5752,335.35
agm003263973,TmBi2BrO4,8,159.32,1.4463,328.04
agm004816266,Na2AcYS4,8,209.62,1.6315,388.27
agm003263595,NaDyO2,8,339.74,2.3524,521.23
agm004821397,NaPm2AgSe4,8,148.36,1.393,313.94
agm093377916,NaTlZnCl4,7,235.59,1.834,404.25
agm143425268,NaSr2AuO4,8,321.62,2.1378,487.92
agm005205845,PrSmPdPt,4,95.07,1.1174,240.28
agm005546823,WBr6,7,102.11,0.79,371.22
agm003161779,ErCuSe2,4,143.61,1.1914,334.59
agm033570541,Na2CdSnSe4,8,166.67,1.3053,376.76
agm004781638,K2RbNaI4,8,154.51,1.8813,269.41
agm002018637,YSeBr,6,153.5,1.4357,327.46
agm004813608,Cs4AgAuBr2,8,116.43,1.8767,214.37
agm012663861,TbCe(CuPb)2,6,94.39,1.0343,244.92
agm013368374,NaLaTe2,8,121.32,1.2265,265.29
agm004781631,RbNa(TlCl2)2,8,198.05,1.9713,307.56
agm011437240,BaSr3(BrN)2,8,212.83,2.0239,351.09
agm050924957,NaSm(PbSe2)2,8,107.58,1.024,275.15
agm110459292,KNa2TaS4,8,209.67,1.4187,429.35
agm003170101,AuSe2Br,4,23.36,0.379,336.76
agm093388990,NaCdAgBr4,7,194.62,1.549,361.82
agm091606703,DyLu3N4,8,223.97,1.8542,387.96
agm004784649,Ca2CeThN4,8,273.6,1.9915,440.45
agm038606288,Sc2VSnRu4,8,85.89,0.7159,343.19
agm064408366,AlSiAgS4,7,196.95,0.94,593.82
agm004769577,AlTl2InSe4,8,108.95,1.0484,295.82
agm002269475,BaOsF6,8,315.61,2.4415,495.92
agm002270716,EuCrF6,8,454.29,2.476,698.79
agm001208884,HoLuIr2,4,57.55,0.7437,213.06
agm013712284,Dy4SbTe3,8,89.05,1.0308,236.01
agm003194452,Lu2AlNi2,5,71.46,0.6507,314.4
agm002197028,ThAlFe,6,48.44,0.508,339.39
agm002196873,EuAlCu2,4,64.99,0.5925,353.89
agm018940570,PrYPtRh,4,103.26,1.1202,261.07
agm073996163,Tb2Se2S,15,151.99,1.564,312.65
agm005883763,Tl2CrCl5,16,199.88,1.618,355.42
agm003160534,MnAlCr,3,20.67,0.3057,517.47
agm032443450,Li2MgVRh4,8,147.38,0.9717,416.34
agm011445728,Th2(CuGe)3,8,57.47,0.5836,297.98
agm070099385,LaErGa4,6,61.76,0.634,299.82
agm002224624,Na2TlCd,4,68.03,0.7251,270.46
agm002208200,ThCu5,6,37.17,0.4464,334.06
agm002214243,PrGe2Rh,8,91.31,0.825,306.7
agm003598088,ThInTe,6,54.91,0.7344,218.28
agm002214307,Sr(GePd)2,5,94.44,0.841,314.64
agm002278533,LaGe3Ir,5,66.5,0.7211,285.78
agm047387148,YPa3N4,8,196.14,1.699,354.44
agm002330364,ErSnBr4,6,150.88,1.474,297.59
agm002222933,MnTePd5,7,38.82,0.465,317.91
agm002162162,MnAsPd5,7,37.09,0.449,335.31
agm002269427,AlFeF6,8,597.14,2.284,953.62
agm005683040,PmYGa,6,55.77,0.6285,265.25
agm004549819,BaLi2(SnHg)2,7,82.17,0.8547,261.66
agm006121652,Y5NpN6,12,284.99,1.867,458.21
agm002272376,ErFeBr,6,130.11,1.0816,316.53
agm001263055,TmCdGa,3,49.96,0.6078,260.03
agm002136694,Tl2Au,3,50.58,0.7231,193.54
agm002366822,SmAsRhO,8,154.73,1.1032,388.83
agm003554078,Pr4Ag3Pd,8,84.82,0.9483,253.18
agm005821903,Tb(NdGa)2,5,57.54,0.667,255.2
agm005184274,PmSmCuAg,4,56.28,0.6686,245.67
agm002283843,LiSm(NiP)2,6,162.02,0.935,453.17
agm002158618,LiTm(CuP)2,6,143.8,0.9213,426.22
agm002283440,SrLi2Sn,8,98.08,0.7312,384.18
agm048293877,Sc4Ag2OsPd,8,72.3,0.6658,315.52
agm003112540,NaGaTe2,16,109.78,0.907,331.59
agm001295566,LiSiPtRh,4,120.57,0.8594,362.63
agm005619784,SCl2O,4,284.65,0.898,921.59
agm002156114,Li2AlAu,4,151.45,1.0735,404.95
agm003437052,Mg3AgSn2,6,65.0,0.6145,334.55
agm002337903,Sm2GaRu2,5,94.24,0.8949,275.86
agm005554669,Dy2Er2N3,7,214.3,1.878,366.33
agm018042236,Y4Te3As,8,107.1,1.06,290.88
agm111453739,AcPr2Se3,6,140.37,1.537,260.95
agm002253309,Tm6As2Ru,9,63.66,0.7919,235.63
agm037506761,La3Mg3Sn2Ir,9,81.72,0.7939,273.96
agm001191623,ScCo,2,64.54,0.5174,430.25
agm002354641,ScSnIr2,4,62.01,0.664,263.7
agm009430008,U2(RuPt)3,8,55.21,0.661,238.67
agm005778780,BaGeI4,6,124.03,1.339,250.74
agm119537660,ErTmHgAu,4,61.72,0.8479,195.17
agm100419716,AlSbO4,12,417.61,1.699,761.73
agm032257243,DyMg2InRh4,8,82.68,0.754,312.7
agm008067780,NdF3,8,246.71,1.4607,488.95
agm002187952,SiSnPd5,7,22.91,0.3751,327.05
agm091133004,TbPm2PrBi4,8,78.26,1.0577,205.87
agm002316396,YCoSi3,5,75.29,0.5498,478.09
agm037746601,Tm3Mg3Ga2Cu,9,64.42,0.6135,311.15
agm103493422,HfZn2In,8,32.76,0.466,293.86
agm002186099,HfCuSi2,8,65.38,0.55,386.12
agm003186268,Cu2PtAu,4,54.6,0.5755,286.98
agm003657791,Ca4BiI5,10,142.1,1.6,276.74
agm004583706,K2Sn(SbSe3)2,11,127.05,0.997,328.14
agm004843685,Ac2CeDySb4,8,85.61,1.0735,218.3
agm025409080,Tb2Pr2Y2Er,7,9.82,0.3181,215.05
agm002355918,Np2SiOs3,6,52.88,0.6839,233.45
agm003437157,Al2ZnCu3,6,37.58,0.394,452.1
agm033365532,AcLa2HoMg4,8,14.33,0.3538,248.78
agm002136888,Ca(CoB)2,5,134.04,0.7237,563.25
agm109411201,LuZn2Au3,6,91.92,0.9398,248.79
agm002200068,Ca(CoB3)2,9,138.04,0.5875,783.35
agm005011269,TbDy2TlO,5,123.58,1.465,257.66
agm035508602,Y3HoN4,8,275.84,1.8858,468.12
agm012271602,Zr3(Ga2Co)2,9,62.07,0.5632,371.09
agm003268061,Zr6Ga2Co,9,53.77,0.5408,326.05
agm002354396,Sc3Ni2Au,6,76.16,0.6746,347.41
agm001270025,LiAcP,3,111.11,0.976,315.04
agm005974412,Hf4Fe3Tc,8,43.77,0.5338,276.2
agm005949641,Ti2Be2Hg,5,20.75,0.328,450.56
agm003157730,HoMg,2,8.7,0.2911,259.15
agm100241652,ErLu2ZrP4,8,139.78,1.0713,340.86
agm115735018,TbEuGa4,6,68.96,0.646,300.38
agm005780017,Ac3GaAg2,6,47.18,0.6717,192.88
agm002337357,Ac2GaAg,4,42.48,0.6691,194.96
agm110744282,Lu3Zn2Hg,6,39.53,0.5742,232.17
agm002219943,BaMg2Pd,8,91.82,0.8159,324.63
agm001372559,ErTmZnHg,4,42.65,0.6177,215.42
agm014619832,Ce2PbAu2,5,85.9,1.1547,205.27
agm001214234,Lu2MgIn,4,30.94,0.4855,244.78
agm004442240,AgAsS2,8,113.59,0.7386,461.08
agm005203918,TbFePH,8,141.34,0.7756,487.75
agm003739968,LiAcGa4,6,76.85,0.728,322.67
agm003398110,K2PdS2,10,146.47,1.0356,393.14
agm003434832,Hf2Se3S,12,165.27,1.3818,330.22
agm003186517,Mg2ZrIn,4,42.66,0.4645,358.32
agm001214022,MgZrGa2,4,60.41,0.547,379.05
agm002219828,TbMg2Cu,8,69.47,0.5995,354.83
agm001616445,NbHIrRu2,5,54.72,0.52,379.4
agm002181402,AgAsS2,16,102.06,0.625,468.38
agm002181400,AgAsS2,16,122.43,0.7225,468.99
agm005011576,TmHPdPt2,5,75.42,0.7255,308.54
agm002487296,NbHRh3,5,79.87,0.592,418.13
agm001277221,ZrSbH,3,106.56,0.772,392.63
agm006122856,Tm6PSe5,12,137.06,1.366,280.67
agm112334018,PrNd2In,8,36.37,0.5418,219.59
agm001010609,ErBrF,6,187.0,1.7908,338.01
agm069802021,PrNdIn6,8,40.22,0.5403,242.44
agm070502777,PrNdIn,6,41.69,0.6068,218.99
agm133185712,Pm2Sm3Er,6,6.41,0.289,195.36
agm002200515,ErCoBN,8,171.97,0.9529,482.57
agm030787247,Pm4Zn2GaHg,8,50.05,0.6538,236.21
agm005759411,CeSc2Sb3,6,96.97,0.943,296.12
agm069955457,AcCePr6,8,4.01,0.259,200.39
agm001116460,Ti2NbIn,4,23.12,0.3683,345.19
agm002362589,HoErF6,8,363.29,2.7205,548.53
agm002322070,TiGaNi2,4,39.51,0.4229,428.78
agm001090426,TbEuTl2,4,25.84,0.511,184.71
agm069498675,LaYCu2,8,91.91,0.8236,317.65
agm003187951,VFe3,4,23.8,0.34,459.03
agm014295784,Zn2FeCo2,5,19.63,0.3209,432.36
agm002320348,Pu2SnPt2,5,68.03,0.875,204.19
agm002371759,Pa2Fe2Sn,5,34.42,0.4675,286.88
agm003437162,Ac3Zn2Cu,6,38.5,0.5864,206.54
agm088484411,BaNaBrO,4,291.53,2.4108,432.16
agm002271625,LuGaFe2,8,41.55,0.475,347.15
agm023970990,In2Pb(ICl)2,7,107.66,1.087,268.14
agm002243962,SrSn3Pd,5,67.4,0.7841,258.81
agm030958723,Dy3Al2Zn,6,30.4,0.4609,265.34
agm117695262,Dy2AlZn,8,30.02,0.466,261.15
agm046580144,Dy4Al3Zn,8,31.69,0.4583,267.68
agm002276773,Dy2Ga2Br,10,99.77,1.0375,282.57
agm046653329,SrLaZn4,6,63.55,0.6442,313.52
agm038148020,Er2ZnCdAu4,8,84.14,0.9457,222.0
agm020190838,Cs4As2PtSe8,15,128.36,1.2841,271.68
agm035653491,La2TmZn3,6,43.15,0.5477,253.86
agm002076990,HClF2,8,624.21,1.3251,1370.88
agm001975826,GdTmBi2,4,68.49,0.9655,204.85
agm070042196,HoGaAg,6,57.49,0.6387,269.97
agm002141931,CaZnPb,6,106.65,1.0552,273.38
agm039430413,ErZn3Ru2,6,68.28,0.6359,322.05
agm033959215,Sc4Cu2RhAu,8,101.07,0.7859,339.75
agm001294753,HfTiTcRh,4,75.13,0.7141,294.68
agm004797673,Sc4GaCu2Ir,8,65.83,0.6172,354.65
agm003329743,Ho2(TlIn)3,8,28.9,0.5095,209.99
agm081302201,HoTl2In,8,24.69,0.4975,202.11
agm004837865,Pu2ScPaAs4,8,100.52,0.9925,269.42
agm002203945,CaTl2Rh,8,70.02,0.8251,239.76
agm006870975,TmNiAsH,8,94.63,0.6892,425.43
agm002208043,SmCdCu4,6,54.51,0.5506,330.4
agm123017787,Lu3Ir2Pb,6,56.93,0.8033,206.83
agm006016831,Sm4AsS3,8,159.67,1.429,309.01
agm067559897,DyMgReN4,14,304.5,1.636,545.46
agm002143293,K2PbCl6,9,234.42,1.903,363.93
agm142549343,Pa2ZnSn5,8,28.09,0.4802,232.36
agm004829371,Ba4PdSI2,8,139.2,1.7215,239.68
agm002319403,Pu3(FeSi)4,11,47.8,0.5168,336.99
agm002237201,KTiCuS3,12,198.6,1.1336,504.09
agm030988463,ZrTa3C4,8,204.24,1.2332,427.72
agm042484950,Sc4TlZn2In,8,28.96,0.4274,313.85
agm048335595,SmFeGe2Ir,5,76.21,0.703,296.48
agm002017308,ScSeI,6,163.99,1.3705,345.08
agm075658918,Y2GeS,8,168.2,1.2175,371.65
agm002257858,Eu3BiBr3,7,127.42,1.552,246.92
agm021463508,KNaHgO2,10,303.61,2.3115,482.88
agm147127530,HfZrF8,10,366.17,1.9944,627.15
agm003186213,Al2ZnMo,4,59.43,0.5035,440.42
agm001943001,Lu2AsSe,4,126.21,1.2355,280.78
agm113465169,K2LiTlS2,12,195.73,1.3798,382.57
agm005214371,ScInAgSn,4,44.46,0.5425,290.05
agm005015762,CaZnGe2Pt,5,93.36,0.8046,323.19
agm061953973,ZrHgPbBr6,9,120.8,1.2364,274.18
agm001133889,Lu2InAg,4,39.96,0.5792,225.36
agm001169646,EuTlAg4,6,40.09,0.5686,242.66
agm001134770,PmDyAg2,4,47.28,0.6587,228.4
agm005846237,RbVI3,10,131.45,1.4894,262.16
agm005968507,LaPr3Mg4,8,15.38,0.3484,271.8
agm002192552,YAgSb2,8,67.58,0.677,270.05
agm005067682,KCuBiCl5,16,234.33,1.5585,419.97
agm057149095,TmScPdAu,4,86.94,0.9518,252.68
agm151323862,Tb2YNpN4,8,219.68,1.9105,391.03
agm003401562,Ac(CdCu)2,5,40.37,0.5371,278.94
agm079073870,K2ThCl6,9,257.03,2.1709,392.61
agm001273891,BaInBi,3,75.47,0.928,211.51
agm002202714,Ho2Co2Si2C,7,117.94,0.7714,398.12
agm022180607,TmSc3Hg4,8,46.14,0.6239,231.58
agm003770212,RbWF6,8,335.79,2.401,501.45
agm002140576,Y2Si2W2C,7,99.68,0.7914,357.59
agm002362923,Rb2WF6,9,327.4,2.632,452.9
agm005738917,LaInHg6,8,27.73,0.502,196.01
agm003439712,La3InHg2,6,44.42,0.6846,197.52
agm005559143,La3(InHg)2,7,56.0,0.7477,211.9
agm004800806,Sc4Zn2GaIr,8,58.84,0.5764,347.42
agm003192250,In2HgTe,4,31.61,0.493,239.22
agm012806442,Np2SnN2,5,114.09,1.258,267.79
agm003598469,SrLiPt,6,118.24,1.0596,301.45
agm002185277,PuTlSe2,4,108.36,1.24,231.68
agm001309934,ScInNiRu,4,74.24,0.6364,340.15
agm002355053,Pu2SeBr2,5,126.51,1.5775,250.91
agm003164428,ZrCdIn2,4,31.97,0.466,272.82
agm003616862,TbDyBi2,4,73.27,1.024,205.52
agm002643055,BaTlHg2,4,51.17,0.7739,178.48
agm146840576,LaEu2Ag3,6,49.67,0.6554,224.76
agm113531940,TbGdTm2,4,6.27,0.295,194.77
agm001173402,YLuCo4,6,62.52,0.5974,346.05
agm063266934,TmScCdIn,4,34.34,0.4969,251.33
agm005792322,PuZr2In3,6,34.77,0.53,246.13
agm002140514,Sc3GeC,5,199.37,1.078,502.73
agm005192954,MgTiCdRh,4,77.55,0.647,358.53
agm002168051,ErGa2Ni,8,53.97,0.5579,332.79
agm002226049,Er(NiGe)2,5,67.15,0.6165,343.64
agm095142603,LaNd3Dy4,8,7.54,0.3055,198.45
agm002226121,ThNi2Ir3,6,47.89,0.592,253.5
agm114952074,LaNd2Dy,8,6.87,0.301,200.53
agm005087798,LiCaAlF6,9,661.2,2.7196,977.0
agm005006403,BaMgCdAu2,5,95.6,1.0591,238.12
agm033704477,TbCe(ZrP2)2,8,137.55,1.123,374.2
agm016195828,K2Np(SeO)2,7,214.26,1.7195,368.82
agm005552716,Tb3(SmPt)2,7,107.06,1.2244,229.99
agm005628455,Tl3I2Cl,6,106.57,1.336,209.38
agm040499119,Dy2ScTl3,6,20.64,0.4575,202.86
agm132292551,TbErTmScS4,8,176.7,1.4583,357.35
agm005031882,RbTmPbO3,12,236.88,2.0747,393.78
agm003616686,CeSmP2,4,149.2,1.1905,326.62
agm002379489,TlPt2Pb,8,33.67,0.5239,221.23
agm005167957,Cs2WSCl5,9,182.79,1.8088,305.21
agm078340558,Gd2CuRh2,5,97.52,0.9262,278.88
agm002257700,UBr3,8,111.47,1.2842,258.61
agm002232784,Tm2PCl2,5,180.57,1.5325,341.03
agm051888959,V4CrTc3,8,24.46,0.3734,389.94
agm004949466,Sr2HIO6,10,362.08,1.7524,629.55
agm005643179,YTm2S3,6,175.44,1.456,345.88
agm005845238,Dy2SBr2,5,166.05,1.645,307.18
agm018692325,La2PmYIn4,8,42.39,0.5949,225.51
agm002177726,DyCuP2,8,106.1,0.764,381.88
agm005015805,SrMgGe2Pt,5,100.45,0.9091,311.5
agm039812021,Li2MgGeSe4,8,234.32,1.357,482.7
agm003615784,Zr2CdC,4,124.62,0.88,366.86
agm004837954,Ba4SbAsCl2,8,152.81,1.8227,260.37
agm003420401,CeSm2Hg3,6,44.85,0.6876,190.3
agm001611317,Ba2RhAuN,5,119.43,1.3087,256.58
agm002224385,YbSnN,6,207.03,1.867,373.07
agm002263769,SmGaCo,6,51.03,0.4945,364.67
agm002223077,DyHfN2,4,226.91,1.852,395.88
agm002209694,RbBiIF3,12,180.45,1.7536,318.65
agm002358169,Np2Te,6,24.63,0.472,207.38
agm100022836,HfNbRe2,8,32.79,0.51,236.35
agm039255526,Dy2CdCu2,5,64.14,0.6992,274.56
agm004536622,Li3Ac2InPb4,10,87.74,1.0886,226.24
agm053542975,HfPa2Ir9,12,42.97,0.595,222.44
agm110122789,KSnF3,10,396.34,2.6205,550.42
agm003764832,SmDy6Y,8,4.41,0.2612,200.92
agm002138969,CsBaBr3,5,153.98,2.1462,257.27
agm139273798,SmDy4Y,6,4.33,0.26,203.1
agm088524345,Ac2DySe3,6,136.9,1.519,242.87
agm156324870,EuIn3Rh4,8,58.16,0.6376,275.61
agm013269415,CeErAu4,6,83.14,1.066,214.12
agm044749600,Sc2TlCdRh4,8,69.09,0.7042,295.56
agm069537541,CeErAu2,8,104.06,1.321,217.23
agm030935525,La3Tb2Sc,6,7.84,0.302,216.95
agm024093430,La4TbPr2,7,4.86,0.2641,203.92
agm017808331,LaTbPr,6,4.87,0.265,203.2
agm026174839,La2Tb5Pr,8,4.17,0.2567,200.9
agm002218532,Li3NpSb2,6,101.21,0.8692,318.84
agm035524697,Dy3Sc3TcSn2,9,64.84,0.6889,271.01
agm093395975,HgICl,6,129.88,1.069,326.85
agm002054140,HgICl2,8,130.69,1.021,351.32
agm123160237,KHg2Cl5,8,216.23,1.707,368.82
agm105207617,Ag3PO4,8,303.4,1.5154,589.14
agm002200154,Pu(VB3)2,9,93.21,0.5659,557.63
agm041638568,Pm3YU2N6,12,207.13,1.8805,377.87
agm146190147,ZrCuPSe,4,141.5,0.9242,421.12
agm014740599,PmCu2Pd,8,66.17,0.6628,318.7
agm015302207,AcCrO3,10,295.0,2.104,460.46
agm019498223,ErTmCuRh,4,92.99,0.9582,272.84
agm080938064,K2TcF6,9,443.81,2.608,675.95
agm076277351,CdReF6,8,338.72,2.2165,584.8
agm030478265,Y2ErInRh4,8,80.93,0.8049,277.27
agm005020779,BaMgAgSn2,5,73.05,0.7814,265.86
agm158297443,Ba2Mg3AgSn4,10,75.22,0.7549,275.21
agm127679963,V3Mo4W,8,51.52,0.5505,329.08
agm062870143,VMo2W,4,55.46,0.5785,300.14
agm008940616,V2Mo2W3,7,51.65,0.5791,282.07
agm058363190,Sc8CuOs3Rh4,16,82.19,0.7029,319.96
agm114439324,VMoW,6,49.17,0.5629,295.97
agm003309546,Pm2Si2Ni3,7,60.32,0.5423,364.77
agm078376443,RbLuCl4,12,229.35,2.086,382.92
agm002327387,Dy2Al3Ir2,7,73.12,0.7264,288.46
agm004618516,Ac6Ir2RhCl3,12,119.14,1.684,217.8
agm001351718,CaSmTlAg,4,56.63,0.6974,225.05
agm121994241,MnInF6,16,490.01,2.3335,739.25
agm066493909,Tl4AsBr7,12,128.45,1.33,252.63
agm068574413,ZrUPbO6,9,294.14,1.951,483.34
agm110184586,HfPaGaTc,4,51.5,0.6184,257.59
agm037783241,HfSc(CdPd2)2,8,63.8,0.6743,281.87
agm004909005,Ca2HgPbBr8,12,161.54,1.4898,312.64
agm001948581,AcTlTe2,4,64.47,0.916,197.74
agm005722039,Ac2TlTe,8,56.02,0.8697,184.75
agm005594620,KCuBr2,16,177.41,1.4515,360.98
agm062809408,Y(TlI2)3,10,97.01,1.276,215.49
agm069452829,Ta6MoOs,8,31.74,0.5136,227.07
agm005004809,KMgIn2Pb,5,88.28,0.865,257.93
agm102368291,Sn2ClF3,6,200.1,1.4884,394.53
agm120781252,Gd3TlIn2,6,37.98,0.582,214.19
agm002243077,GdSiNi2,8,60.66,0.5312,379.27
agm091153522,Pa2PtAu3,6,64.43,0.8545,200.38
agm002179594,TlTePd5,7,28.71,0.444,281.16
agm034803214,Zr4NiIrPd2,8,98.61,0.8514,308.52
agm002134014,Dy2Al3Ru,12,58.41,0.574,320.41
agm060663431,KGeF3,10,431.19,2.5585,659.15
agm047398555,AcPr2Nd4Dy,8,5.09,0.2747,194.91
agm005204672,CePrSiGe,4,98.85,0.871,302.88
agm090348744,TbBeCuP2,5,129.41,0.7906,442.33
agm145708724,Rb2WS4,14,158.93,1.3555,342.43
agm009896237,Pm3Ga3Cu2,8,69.61,0.6714,294.5
agm003559722,Y3PuSb4,8,95.22,0.9835,257.52
agm082542655,ScTlF4,12,355.62,2.5495,546.24
agm005829048,Pm2PaIr2,10,78.53,1.0039,214.65
agm005214422,PmInGaSn,4,56.48,0.628,258.56
agm065020949,PmDyInPb,4,72.67,0.93,209.63
agm016295889,Al3VCo4,8,35.08,0.3882,498.69
agm005578950,Pu3U2Si3,16,37.94,0.5416,252.96
agm005966789,Sm(ScSi2)2,7,109.08,0.6798,447.68
agm003612535,TbCuSe2,16,132.28,1.114,325.23
agm001206668,SmGaSn2,4,52.21,0.628,254.87
agm005853574,TbBe2Co3,6,73.94,0.5653,454.77
agm015257477,LaHo2Tm,4,7.86,0.3062,193.94
agm081372275,DyPa2N3,6,191.23,1.72,343.56
agm001137095,Pa2GaRe,4,24.09,0.463,213.98
agm048798474,Th3Ni3Au,7,75.83,0.847,248.14
agm003628614,La2SiGe,8,85.85,0.7577,286.75
agm103250587,AcEu2Au3,6,66.46,0.9691,186.25
agm072967496,Rb8NpO6,15,274.68,2.4691,405.71
agm002165799,Na(CuSe)4,9,140.41,0.973,416.23
agm047932170,Ac4SnAsSe2,8,101.37,1.339,219.43
agm015839765,PmDy6Er,8,4.73,0.2748,194.54
agm003612563,AgBiSe2,16,79.54,0.7604,285.36
agm018177008,HfZr2Zn3,6,27.52,0.4223,302.07
agm004879340,TlCr(MoO4)2,12,299.48,1.6828,552.42
agm003540590,TbHo2Co9,12,56.41,0.545,351.59
agm004907253,TbHo2PuO8,12,310.46,2.257,476.57
agm002205666,Y2TlCo2,5,67.08,0.6428,293.59
agm069793142,ZnCu5Pt2,8,42.29,0.4772,343.43
agm073033377,Tb3DyH,5,145.58,1.222,316.6
agm002373240,U2Ge,3,47.29,0.6624,220.28
agm003154670,CdCuI3,5,111.99,1.0285,308.33
agm016361962,PuUGa,6,34.76,0.5481,221.8
agm090656115,Er4Hg3Au,8,52.1,0.7633,193.55
agm003188993,YbTl3,4,23.9,0.484,186.74
agm158764732,Yb3Tl5,8,25.6,0.5007,180.98
agm035515890,TbPr(Sm2Y)2,8,6.88,0.2894,210.22
agm038535349,TbPr4Sm2Y,8,5.85,0.2815,208.95
agm069778257,FeCoPt6,8,18.85,0.3812,256.59
agm030795094,Sr4TlCd2Ga,8,55.89,0.6783,234.02
agm004684675,Li3MgTl3Br8,15,175.13,1.7905,323.42
agm003560907,Pm3PrP4,8,138.79,1.204,327.29
agm059253145,TbCe3Te4,8,95.17,1.1365,241.71
agm003411450,La2SiGe3,6,91.19,0.796,312.67
agm005017694,Sc2TlHO,5,173.7,1.1696,408.8
agm003216364,CaAl2O4,14,541.59,2.021,920.35
agm005753310,Pr4DySc,6,11.74,0.337,223.7
agm039425604,Pr3Dy2Sc,6,10.69,0.332,220.42
agm011447782,Ti2MnGa2Co3,8,44.28,0.4303,435.15
agm058944198,NdTh(ZnAu)2,6,82.99,0.9745,233.39
agm003433368,Mg3TlHg2,6,44.07,0.5635,256.57
agm009223495,Th3Sc2Os3,16,66.79,0.857,227.12
agm004774502,KSb(AuS2)2,8,123.54,0.949,348.06
agm002191807,V2PdSe6,9,134.9,0.9264,403.1
agm002018989,InSbSe,6,72.63,0.7144,315.82
agm004754127,NaPr(ZnAu)2,6,104.64,1.1272,273.93
agm002140694,Zr2PbC,8,114.98,1.024,317.68
agm013738018,Mg(ScNi)2,5,119.22,0.6887,493.76
agm036084162,NdY(HoRh2)2,8,68.04,0.8112,255.04
agm005783734,Pm2ZrZn3,6,50.71,0.5616,287.36
agm002198604,ErAsAu,6,83.33,0.952,239.89
agm038534828,Na2InI3,6,148.01,1.552,279.3
agm004972489,NaTl(InI3)2,10,113.0,1.2557,243.25
agm060677844,TbDyAgPt,4,59.01,0.7854,217.7
agm144901522,Pm2Y5Ho,8,7.06,0.2856,234.39
agm077717850,Pm4YHo,6,7.2,0.298,207.47
agm112879302,TbSmZn2,8,38.21,0.534,254.58
agm002324293,TbSmZn2,4,39.52,0.5284,253.63
agm082481693,Ta2Nb2Ru,5,38.02,0.5174,261.33
agm032485625,Sc3Al3PdAu2,9,120.07,0.9146,347.81
agm102546387,ZrCd2Hg,8,42.38,0.5515,251.16
agm070358392,Hf4ZrIn,6,18.7,0.397,228.55
agm098661185,Sm3Mg3Ge2Pt,9,84.32,0.7881,290.92
agm061139820,HfNbAlC,4,101.87,0.781,383.81
agm108617208,YErAl2,8,39.94,0.4952,317.55
agm001947512,Pu2SbS,4,107.79,1.1815,237.48
agm130826765,Y3ErAl2,6,33.9,0.4655,294.97
agm135247059,Tm2ScAlCu2,6,58.46,0.5942,306.61
agm002306458,GdNiP,6,114.41,0.844,358.4
agm005270148,NaMg14Zn,16,26.92,0.331,544.21
agm097808320,Tm2HfThP4,8,124.82,1.0735,306.94
agm069533385,PrNdSb,6,63.49,0.8212,225.53
agm104026043,CdPtF6,16,338.15,2.0455,581.94
agm065976321,MgIn2F6,9,396.24,2.3992,630.33
agm150288815,PmNdY4,6,6.19,0.2755,239.23
agm005020853,BaLiZnSn2,5,78.96,0.8423,288.92
agm130707517,Pm2NdY2,5,6.5,0.2842,222.85
agm005190658,TbPuTeSe,4,100.61,1.2715,238.58
agm001133523,HoScAg2,4,67.58,0.6966,273.1
agm002327914,ScAlCoRu,4,89.89,0.6454,416.13
agm005202966,AcAsRuF,8,153.6,1.294,326.33
agm084767538,AcPm(PrNd2)2,8,3.87,0.2601,195.85
agm116512991,AcPm4PrNd2,8,4.03,0.2594,193.56
agm018885874,CeYPdAu,4,119.16,1.2332,253.35
agm013174700,UAsO5,14,339.0,1.744,619.14
agm053252049,AcTh(AgSn)2,6,57.22,0.7248,219.81
agm069442972,YPdAu4,6,55.61,0.714,233.95
agm018619384,Pm2ZnGa3,6,58.65,0.6172,298.23
agm014719707,Pm2Zn3Ga,6,58.16,0.574,300.28
agm047236651,Al4Co3Os,8,50.74,0.4609,432.71
agm129282003,BaAuF6,8,328.76,2.3182,480.79
agm037333780,Rb(CoTe2)2,7,64.1,0.6492,299.73
agm015273622,HfTiNb6,8,12.01,0.3185,295.53
agm049868836,RbTbSnSe3,12,137.85,1.4245,295.3
agm020155457,Pr2TeSe3,6,131.03,1.2956,274.41
agm089340063,LiPrTe2,16,123.94,1.1793,285.97
agm005967860,Er4MgIn3,8,35.14,0.5223,225.24
agm005983790,Ta4RuRh3,8,63.92,0.712,265.44
agm021562414,CdInBr2Cl,10,165.72,1.4206,330.33
agm033808865,HoAl2Pd3,6,78.14,0.708,330.01
agm127667770,KCdInBr6,9,179.71,1.5172,338.39
agm050955221,K2CdBr3Cl,14,196.79,1.9078,362.58
agm005922064,ZrTa3Ru4,8,66.35,0.7083,271.88
agm037726477,ErIn(SnRh2)2,8,61.36,0.677,278.64
agm001232798,PaZnPb2,4,51.09,0.7255,203.8
agm126250046,Pa2(CdSn)3,8,29.04,0.4773,226.8
agm004818557,TbY(ZrP2)2,8,160.98,1.1005,393.29
agm082692116,Sr2CaSb2,10,113.27,1.1092,272.21
agm003635600,Sr2SiRh,4,128.52,1.048,344.65
agm003610978,DyYHg,12,41.7,0.6576,213.61
agm103800046,Ag3Pd2Au3,8,43.05,0.5703,260.38
agm001260292,PuBrCl,3,166.5,1.852,282.75
agm002351760,AcInRh2,4,73.61,0.8221,260.6
agm005988536,AgPd3Au4,8,24.74,0.4281,252.04
agm005949847,La2Zn2Cd,5,50.24,0.63,265.22
agm153546895,AgPd3Au4,8,35.92,0.5148,252.23
agm082701078,Zr2TcIr,8,59.7,0.6396,270.68
agm001308872,MgSnIrRu,4,66.46,0.6659,292.45
agm001182968,PrEuOs4,6,62.82,0.8152,221.76
agm003560830,Tb3ThSb4,8,92.88,1.06,232.26
agm005632421,AcScHg,6,51.14,0.7023,213.53
agm115389537,Lu4Zn3Pt,8,42.49,0.5872,239.25
agm003202009,PrHSe,6,156.74,1.102,371.67
agm006123990,CsK5H6,12,301.56,1.4965,579.47
agm119869231,AcInGa2Pd,5,60.07,0.7154,263.72
agm038553211,Ti3Al2Re,6,30.11,0.3935,392.3
agm005712396,TaTi2Re,4,22.67,0.3842,288.33
agm003418154,Pm3CuAu2,6,70.24,0.8929,216.26
agm001203662,Pm2CuAu,4,79.59,0.8929,226.03
agm005987802,Pm4Tl3Cu,8,37.08,0.5761,204.21
agm068820359,MnPd6Au,8,37.9,0.4728,302.8
agm020842846,MgZrB4,6,163.25,0.682,757.84
agm106197921,MnPd5Au2,8,41.6,0.5237,286.19
agm006135292,Y6Te5Pt,12,112.58,1.069,270.57
agm032865586,Y4GaCu2Au,8,77.01,0.736,284.05
agm069006744,Pr5NdEr2,8,7.33,0.3003,203.38
agm070147565,MnRh6W,8,30.7,0.4323,318.84
agm001160890,SmEu2Hg,4,25.33,0.5086,187.66
agm106527465,SrZn4Pd,6,70.43,0.6293,348.84
agm005790520,CePrI6,8,134.41,1.6315,249.16
agm005791471,CeScBr6,8,192.5,1.798,349.42
agm157054066,K3GdI6,10,140.6,1.8205,253.4
agm147896934,Nd7Lu,8,5.78,0.2792,202.87
agm032849084,Mg2AlGaAg4,8,58.13,0.5431,348.77
agm002186560,Sc(SiPd)2,5,75.75,0.5894,406.47
agm006001801,Sm4TmMg3,8,11.24,0.3263,239.59
agm111528327,Lu2ScRu,16,96.36,0.9115,273.68
agm090723507,Th2FeCo,8,57.06,0.6871,256.93
agm005706697,Co2CuPt3,6,37.44,0.486,294.96
agm008596201,Tb3Th3Si4,10,45.54,0.6047,241.83
agm030634241,TbPu(InAu2)2,8,66.79,0.9064,205.63
agm001122900,GdYCd2,4,31.84,0.5073,237.69
agm105764694,GdY3,4,4.93,0.2545,241.29
agm078390987,Gd5Y,6,4.12,0.254,206.11
agm082931121,Gd2Y,3,4.55,0.26,215.09
agm151467747,TcHgF5,14,362.15,1.9907,563.93
agm001122902,GdY2Cd,4,18.39,0.397,242.83
agm005730471,PrSmCl6,8,250.3,2.059,409.88
agm048134066,Tb2NdYTl4,8,26.27,0.5123,192.26
agm049193235,Ti4NbZn3,8,17.59,0.3122,405.52
agm005782385,PuHfZn4,6,33.94,0.4722,284.18
agm002188007,USiPt2,8,61.85,0.7192,245.36
agm013752906,Ac2PtRh,4,86.79,1.1792,205.56
agm043057323,LaNd(DyTl2)2,8,26.25,0.5007,185.25
agm019332187,ErPPdRu,8,73.31,0.668,320.55
agm107406394,Er2(RhAu)3,8,77.63,0.8545,245.42
agm014770687,ErRhAu4,6,50.99,0.666,227.42
agm077673110,Pr2SeS,8,165.48,1.5415,306.06
agm001138924,Tm2TlZn,4,25.34,0.4643,214.0
agm082823264,Pr2LuGa2,10,44.97,0.5812,245.19
agm060861852,Ga(AgBr2)3,10,148.87,1.2058,361.83
agm001101538,Gd2ZnSn,4,48.88,0.6209,233.25
agm009897227,Pm3(CdCu)2,7,65.81,0.7097,258.04
agm095001565,Ce2CdCu,8,68.42,0.7219,266.02
agm003710173,DyErS3,10,167.73,1.4243,342.31
agm016027885,Zn4Cu3Ru,8,47.29,0.4675,400.88
agm002907596,Ca(AlAu)2,5,99.34,0.9374,301.58
agm068410633,AcLaRh2,8,101.66,1.1792,242.0
agm074055197,NaDyTe2,12,122.2,1.1725,265.44
agm095975497,Ac2LaRh2,5,110.46,1.312,237.79
agm078658437,SrLiAlO3,12,521.36,2.2324,834.24
agm005991040,AcLa3Rh8,12,85.31,0.8791,262.96
agm002147680,KCdF3,10,368.81,2.7025,536.44
agm099020792,KCdF3,10,371.6,2.6669,564.52
agm005840645,Nd2TlF7,10,286.83,2.2676,437.09
agm034034184,Co3GeMo2,12,31.78,0.4012,390.92
agm087865541,CdPd4Pt,6,23.17,0.3975,286.0
agm012245400,Cd(PdPt)2,5,27.21,0.4318,263.15
agm119041627,Pr3(Al2Ge)2,9,82.29,0.698,341.02
agm082447702,Cd(Pd2Pt)2,7,26.08,0.4154,274.71
agm004545571,Ca2Fe2As2N,7,223.44,1.1851,508.39
agm075771868,Ba4P2BrCl,8,157.59,1.8115,281.08
agm005777056,PaSi3Ir,5,48.17,0.5406,315.8
agm078060447,CsTeF5,14,309.2,2.6084,451.92
agm013316930,PmPr6Sm,8,4.17,0.259,206.45
agm099081953,Pm4PrTh,6,5.91,0.284,196.22
agm008874716,Tb3Pm2Nd3,8,5.32,0.271,200.91
agm051360451,TbPmNd2,4,4.43,0.262,203.01
agm035756174,Er4IrPtRh2,8,62.55,0.7823,225.58
agm070303155,Tb4PmNd,6,4.9,0.264,200.93
agm038586322,Tb3PmNd2,6,5.28,0.272,201.32
agm145582550,Zr3NbTc4,8,48.02,0.5345,304.88
agm062952573,Zr5NbTc6,12,49.16,0.5374,304.24
agm033628202,Sc4Zn2HgAu,8,73.54,0.7024,303.2
agm017015209,Hf3TiO8,12,372.35,2.1243,560.8
agm005123062,HoTl2Hg,4,35.49,0.5965,182.85
agm103656519,BaErF5,14,288.58,2.4953,475.41
agm004584842,Hf2Mn(TlSe3)2,11,118.82,1.136,278.05
agm013241047,PmAsPd,6,95.53,0.892,288.34
agm019781190,Hf2CdC,4,90.81,0.9052,291.7
agm109075378,HoLu2Hg3,6,42.0,0.6374,192.78
agm042682512,HfScP2,4,151.24,1.024,402.32
agm033600784,La3GaHg2,6,52.21,0.7346,208.27
agm056631078,HfSc3P4,16,156.04,1.0105,457.58
agm004751782,AcCe(GeRh)2,6,95.19,0.952,272.29
agm005813723,TaAlS4,6,207.99,1.1725,487.82
agm099652040,Li3MgCd4,8,88.06,0.678,375.45
agm064212306,KTl(PbI3)2,10,85.15,1.0465,219.2
agm136890648,Tb4Pr3Tm,8,6.81,0.295,201.99
agm010049198,Tb2Pr3Tm2,7,7.97,0.313,200.65
agm010041610,Tb3Pr3Tm2,8,8.71,0.3197,201.25
agm042619299,TbPr5Tm2,8,7.46,0.3006,203.03
agm002201229,Ho(BeAs)2,5,112.08,0.8125,411.39
agm005183962,TbSmAlCd,4,37.95,0.5404,246.42
agm037084108,Nd2HoErTl4,8,24.01,0.4877,186.64
agm078684808,Eu3In2Hg,6,37.76,0.5954,202.83
agm003162689,Eu2InHg,4,43.41,0.6473,198.08
agm008701702,Pr2Nd3Y2,7,6.79,0.2817,220.28
agm092997344,PrNd2Y,8,6.12,0.2811,217.26
agm010114877,Pr2Nd2Y3,7,7.25,0.2911,227.13
agm154132719,NaPuF5,7,391.6,2.806,568.13
agm113607376,PrNdY,6,5.51,0.277,222.84
agm064439161,Os3RuO8,12,276.12,1.366,547.69
agm003437921,Sc3Ga2Rh,6,68.67,0.5902,368.75
agm002304819,Rb3SmO8,12,334.55,2.0734,526.96
agm005946427,Sc3GaRh4,8,89.69,0.7346,349.32
agm091373158,Sc4Ga3Rh,8,69.88,0.5872,370.95
agm037469200,Sm2Ni2I,5,88.45,0.919,265.02
agm064013096,HfIrPdAu,4,71.81,0.808,240.73
agm003438928,TbSc2Rh3,6,85.7,0.7994,306.9
agm001196830,CeSm2Al,4,30.42,0.4705,242.89
agm005835221,Ga4NiPt,6,29.17,0.4078,354.96
agm036088975,Er4IrPd2Pt,8,61.43,0.7617,222.04
agm110373540,CeHo3P4,8,135.34,1.1387,322.21
agm005771821,Ta3TiTc2,6,23.8,0.4093,265.05
agm088852860,Ta3TiTc2,6,21.28,0.3976,265.94
agm003157532,GdS,2,163.06,1.492,327.85
agm147181907,Ce3CO2,6,242.69,2.071,401.77
agm006009457,Ce4CO3,8,249.58,2.1378,402.8
agm015529266,NdDy2Hg,4,32.55,0.5586,196.06
agm077706531,Ba6P3I2Cl,12,139.65,1.7065,260.79
agm002214010,BaGe2Pt,8,68.78,0.7575,260.53
agm027567511,TiTlF5,7,352.87,2.422,575.69
agm145730178,HoEr(ScIn)2,12,41.87,0.5565,256.48
agm090202264,Zr(CrS2)2,7,216.34,1.1438,522.26
agm003479363,ErCd2Au5,8,68.6,0.7975,222.94
agm030661182,Pm2PrSmHo4,8,6.92,0.2935,196.45
agm003195336,PrYAl4,6,52.06,0.493,377.17
agm004554631,Pm2Pr(SmHo)2,7,7.08,0.298,196.85
agm011513315,HfGa2(BrCl2)2,9,202.2,1.5846,380.52
agm032517131,SmZr2In3,6,39.64,0.552,260.16
agm001286183,SmErCuGe,4,56.49,0.6704,254.42
agm002221689,PrMgSi,12,80.51,0.6839,353.18
agm002240496,Pr2Si2Ir,10,86.52,0.8414,292.47
agm001043815,LiErAu,6,114.33,1.1372,265.86
agm002223774,Ce3(TiN3)2,11,301.02,1.789,531.75
agm005018761,SmSi2NiOs,5,66.62,0.6297,336.6
agm004472748,Cs2HgSeCl6,10,165.18,1.91,298.39
agm010082538,Pa2(CdPb)3,8,47.85,0.6715,201.07
agm092928702,Li6MgCd,8,78.43,0.4716,629.0
agm025165304,Pr2Dy4Ho,7,6.37,0.2911,197.98
agm033468927,Dy2Y3Ho,6,4.35,0.253,222.51
agm009943243,Dy3(YHo)2,7,4.05,0.2539,208.84
agm008705378,Pr2Dy3Ho2,7,6.11,0.2851,197.89
agm016635979,DyYHo,6,4.17,0.254,210.81
agm116629239,Pr2DyY,4,6.79,0.2905,216.09
agm004850428,K4H2BrCl,8,283.05,1.879,493.94
agm001133267,PaZn2Ag,4,17.98,0.3738,274.8
agm017954727,Pr2Dy5Y,8,5.46,0.277,204.65
agm093768360,Ac2GaNi9,12,49.49,0.502,346.81
agm126609320,Pr2DyHo,8,6.77,0.3018,200.42
agm088205123,Nb2RuRh3,6,61.58,0.598,321.84
agm004842301,Ce2HoNbN4,8,254.8,1.8453,430.19
agm139758152,La2GaSi3,6,87.68,0.73,353.62
agm055119427,Pm4SnTe3,8,89.55,1.0915,238.89
agm089651186,LiAlBr4,12,260.6,1.7485,473.14
agm001201319,Th2TlCd,4,22.05,0.4735,186.73
agm014974321,Ta(TiMo)2,5,60.51,0.5945,318.16
agm035544174,Tb4Tl2CdIn,8,35.44,0.5692,201.34
agm107349172,Ta2Ti2Mo3,7,56.67,0.6032,300.78
agm001148778,Er2AlPd,4,54.85,0.644,253.23
agm002250240,Er2AlPd2,10,75.7,0.7998,273.23
agm109461551,ErTmTlIn,4,28.63,0.5168,197.93
agm157995526,Rb2HgI6,9,114.19,1.402,223.07
agm067798916,AlCuGeS4,7,200.49,0.916,605.07
agm005969219,CaMg3I8,12,159.53,1.5348,307.01
agm005742893,Sr2MgI6,9,141.08,1.681,270.36
agm005038630,K3HBrCl,12,277.88,2.025,458.78
agm003157887,TaNbW,3,40.57,0.5551,241.14
agm002229899,Fe(AsO3)2,9,393.49,1.489,785.11
agm004759914,MgTl2Br3Cl,7,158.73,1.6156,278.5
agm119920430,PmNpSi4,6,75.37,0.643,347.86
agm042774320,TmMg(CdAu2)2,8,83.79,0.9689,234.46
agm005749477,NaPuF4,6,278.11,1.8423,461.07
agm005940168,Cs2GeF4,14,311.0,2.8346,421.76
agm004701458,Rb3Na3HgCl8,15,264.19,2.1619,399.61
agm002317318,DyMnSi,6,60.13,0.5723,359.3
agm004714890,Rb8HBr3Cl4,16,198.46,2.1805,322.92
agm005010688,SrMgZnAu2,5,102.37,1.0351,268.71
agm004552000,SrMg2(ZnAu)2,7,107.95,0.9835,307.39
agm109125498,SmNiAs2Pd,10,80.28,0.6829,321.83
agm153668342,Li2Mg3Cd,6,52.53,0.4617,495.33
agm087162314,DyGa3F12,16,480.74,2.3357,731.7
agm005751432,PuHg5Pd,7,33.39,0.574,202.56
agm001337831,PmGdMgSn,4,47.02,0.6306,239.99
agm003076901,BaPH,12,186.66,1.2295,400.28
agm002167532,Tm2ZnNi2,5,66.65,0.6632,302.45
agm022843957,Pr2Pu(SeN)2,7,192.97,1.7578,339.19
agm088629318,Cs2CeF6,9,328.75,2.9725,451.67
agm005483515,RbNa2NiO2,6,267.3,1.5197,526.06
agm005959802,Sc4OsPd3,8,76.32,0.6899,317.67
agm001183507,CeGdRh4,6,87.59,0.862,272.78
agm097035033,NaLiCr2O4,8,527.23,2.1692,835.65
agm100325517,MgSc2Tl,8,19.9,0.3663,309.64
agm006134972,Rb5PuO6,12,291.06,2.47,432.6
agm002140583,Ti2SiC,8,178.76,0.7855,614.93
agm034419885,PrNd2Sm4Er,8,5.33,0.2774,197.33
agm145467560,La3TbSm3Ho,8,6.64,0.295,197.48
agm005126865,Pm2NCl,4,160.74,1.5179,328.03
agm030599878,Tb4AgIr2Pt,8,69.84,0.8576,216.54
agm003461388,Ba(SiAu2)2,7,72.45,0.818,252.31
agm005791741,NiPtI6,8,78.85,0.7252,301.88
agm013579382,ZrSn4S7,12,150.01,0.9626,415.17
agm003307895,Mn2Fe2H3,7,223.16,0.723,846.68
agm132116321,LuMn2Pd5,8,68.76,0.6543,311.72
agm022686403,ScTi(InRh2)2,8,70.36,0.6786,318.35
agm037700306,Y4Hg3Ru,8,73.72,0.7933,237.71
agm032666293,DyEr2ScAg4,8,51.06,0.6187,244.86
agm114640373,Pr4NdHoTm2,8,7.78,0.3074,201.11
agm020201566,Pr4NdHoTm2,8,7.95,0.3123,200.74
agm003149644,TiInAg,6,19.6,0.367,312.1
agm044063986,PmSm(AlCu2)2,8,75.65,0.6106,366.27
agm104264566,GdBeNi4,6,63.52,0.5348,415.75
agm002332370,Cs2PaCl6,9,184.86,2.17,289.12
agm111885259,Dy3YIn4,8,42.39,0.5791,230.4
agm119753159,CsPaCl6,16,206.94,2.0345,334.0
agm005775874,PrDyIn6,8,36.38,0.5223,241.59
agm003213816,Zn(AgI2)2,14,109.33,0.991,301.33
agm006011561,Ta5TiW2,8,37.81,0.5433,231.41
agm001170457,ThPaAl4,6,22.0,0.3814,290.75
agm014299544,CeHoRh2,8,109.59,1.1202,268.5
agm103459487,PrNd4Sm2Er,8,5.53,0.2774,200.6
agm023069963,Pr2Nd2Sm2Er,7,5.92,0.2847,201.01
agm003439195,NbAl2Pd3,6,68.22,0.5964,360.82
agm035142472,Nb2AlPd3,6,68.55,0.608,336.78
agm003407300,Nd2Sm2H,5,67.69,0.7315,261.51
agm043193658,K8Cl7F,16,309.57,2.4483,472.37
agm067563990,TaSiRu2,8,71.03,0.6574,325.78
agm002192727,Y(Sn3Rh2)2,11,52.39,0.5878,299.87
agm005778608,LaCe2Sn3,6,72.35,0.8608,233.59
agm141250716,CeGd2S3,6,180.03,1.516,331.04
agm005055992,AlSiAgO4,7,506.24,1.735,847.6
agm060757350,Pm2YHg,4,27.57,0.5142,207.08
agm032237131,Dy3YAg4,8,47.61,0.6151,235.07
agm116187889,CsCdInBr6,9,163.65,1.5226,312.79
agm005792823,PuPdCl6,8,213.47,1.6108,425.8
agm002209480,Er2TlPt2,10,67.76,0.8786,207.91
agm066430787,HfTlGaF6,9,328.58,2.4644,485.46
agm005824887,SrLaSi4,6,112.13,0.775,397.07
agm001148494,SrLaPd2,4,99.03,1.1028,258.17
agm008216942,Pr5Er,6,5.91,0.283,206.41
agm011239480,Cd2In2Hg3,7,21.11,0.4238,219.61
agm090862891,Cd3In4Hg,8,12.66,0.3468,241.79
agm128455334,Cd2(InHg)3,8,18.3,0.3925,220.64
agm036962165,Cd4InHg2,7,18.42,0.3889,237.58
agm092697101,CdInHg2,4,18.8,0.4158,212.22
agm096142321,CdIn2Hg,4,13.23,0.34,237.63
agm054350364,Zn4AgRh3,8,63.64,0.5743,346.22
agm005003339,PmZn2SiPd,5,79.04,0.691,341.11
agm005004087,AcAlGa2Cu,5,54.04,0.5834,311.55
agm043680972,NdSm2DyHg4,8,45.15,0.682,189.65
agm001276401,GdTmTh,3,5.7,0.28,182.71
agm036416740,Al4Co2IrRh,8,67.11,0.5509,408.11
agm081765046,PrNbO4,12,357.05,2.1175,580.74
agm002231340,DyFeAsO,8,174.58,1.1752,427.77
agm003187463,RbHoS2,4,187.34,1.588,340.9
agm139562053,SmDyErPuBi4,8,66.79,0.9633,198.62
agm038179733,TbPr2HoAg4,8,54.17,0.6803,229.75
agm001278251,NdClF,3,231.33,1.954,378.01
agm005584003,LaDyHo,3,6.2,0.289,195.39
agm004864545,Ac2PmTmP4,8,119.97,1.1905,280.73
agm036974235,La4Dy3Ho,8,8.15,0.3059,197.68
agm002133618,Mn(AlS2)2,7,268.03,1.1461,639.31
agm003627911,DyYTh2,8,5.21,0.274,186.53
agm033993954,AlZn(GaCo2)2,8,29.66,0.367,441.45
agm005853793,PmU2Tc3,6,49.91,0.6232,235.43
agm001195642,Pm2InAg,4,46.1,0.6421,222.8
agm001339199,PmTmSnHg,4,47.89,0.6871,201.06
agm058315655,HfMg(BO3)2,10,523.97,1.8408,899.78
agm002187440,TmCuSi,12,70.12,0.64,337.12
agm002319601,Tm2CuSi3,12,70.12,0.64,351.45
agm079356510,VIBr,12,164.37,1.312,350.55
agm022067207,TbTm(CuSi)4,10,57.23,0.4986,390.43
agm005636922,CaTlAu,6,98.17,1.0931,228.43
agm090853572,Ca4Tl3Au,8,65.22,0.7953,230.48
agm005729467,CsThF5,14,275.61,2.0606,415.32
agm002168528,NdNiSb2,8,72.51,0.7475,274.17
agm088914865,Gd2CuRu3,6,76.45,0.79,280.0
agm003388776,Cs(ZnSb)2,5,81.89,0.8684,259.56
agm003204292,SrSiHg,6,86.84,0.86,272.13
agm004898469,CdSn(GeCl4)2,12,225.94,1.3935,449.24
agm004578995,Ba2Sr(TcN3)2,11,275.81,1.834,471.83
agm042017813,Ce3SbAs2,6,115.27,1.165,271.55
agm006021994,Ce4SbAs3,8,120.62,1.1747,275.58
agm002171737,MnCuO3,10,444.52,1.7935,772.03
agm005192832,CeSnHgPb,4,56.57,0.8005,205.55
agm078359456,TbPm2PuAs4,8,114.44,1.168,270.73
agm003215907,CsIn5S8,14,150.38,1.0867,377.21
agm112240076,LaPa2As3,6,91.57,0.982,258.07
agm004732648,Tm3Sc(TlTe2)4,16,69.12,0.8361,224.48
agm002155599,KCaAs,6,155.67,1.166,364.75
agm078048293,CeThAu6,8,69.02,0.934,206.59
agm002141034,CaHoAg2,4,66.16,0.7135,255.49
agm005952711,Mg4Rh3Au,8,106.52,0.8389,356.22
agm005555064,Nd3(GaGe)2,7,68.57,0.7004,283.01
agm003623582,Tb2SmAl,8,30.0,0.4848,237.13
agm005205890,HoThPdPt,4,81.69,1.0268,222.88
agm070141431,TmFeF6,16,451.07,2.446,664.0
agm110797270,CsCdCl3,10,209.3,1.9065,350.18
agm038688826,Sc3TcPd2,6,74.36,0.6434,341.74
agm005150328,Ba5Bi2SeO,9,130.22,1.6371,222.79
agm043298654,Ca2DyRh2,5,91.24,0.8446,297.21
agm107016453,Pm3Pr3Tm2,8,6.72,0.295,200.97
agm005962669,MgSc2Cd5,8,30.3,0.4544,308.98
agm034906093,Mn3AlV2,6,17.16,0.297,487.11
agm015608999,Mn2AlGa,4,28.52,0.361,467.51
agm031813448,Zn2InAgSe4,8,131.23,0.9677,380.09
agm005730649,CaGeF6,8,537.56,2.326,845.43
agm002160934,MgNiAs,6,115.91,0.7198,456.66
agm001384776,MgZrIrRh,4,76.68,0.7424,298.07
agm036281253,LaTb(ErTl2)2,8,25.63,0.5084,185.07
agm074677585,ZnHSCl,12,320.8,1.2243,735.07
agm002319954,Dy(SnAu)2,10,79.64,0.9418,230.51
agm007100187,KInSbH,4,135.1,0.9014,414.96
agm040405066,LiHo3Ru2,12,88.29,0.9275,267.21
agm045743038,Be3GeRh4,8,87.15,0.6429,431.3
agm036862549,Dy2TlRh4Pb,8,66.91,0.7595,240.57
agm022290637,LaTb6Dy,8,5.5,0.277,199.32
agm023005586,La(Tb2Dy)2,7,6.78,0.2963,198.47
agm146905734,KSm2F7,10,341.65,2.635,512.89
agm069269444,La4TbDy,6,6.02,0.28,200.21
agm005204680,DyTmSiGe,4,73.62,0.7517,283.0
agm001965848,Ce2SbP,4,121.49,1.15,282.29
agm046151849,Tb2NdThHg4,8,44.18,0.7167,187.31
agm093234129,Ba4NaTl3,8,31.91,0.5588,183.08
agm041155664,BaHg3Pd2,6,52.83,0.683,222.21
agm109698322,Pm3ErIn4,8,44.65,0.6318,225.29
agm009757720,Ta2(NiRh)3,8,66.29,0.6287,324.16
agm001139654,Tb2AlZn,4,39.41,0.5353,266.13
agm016779359,Tb4AlZn3,8,38.86,0.5303,259.42
agm045748623,Mn2AlGaNi4,8,40.55,0.4249,449.86
agm032466344,Tb4AlZn3,8,39.91,0.5316,259.9
agm146786807,Tb4AlZn3,8,41.21,0.5316,259.86
agm036985303,Al2ZnNi5,16,40.07,0.4045,487.43
agm002354038,Pu2SbI2,5,93.2,1.2175,215.25
agm003407193,Pu2SbI2,5,95.89,1.2175,215.33
agm005010598,SrNiGe2Rh,5,93.21,0.818,340.79
agm033968100,Sm3Mg3In2Ag,9,60.2,0.6515,277.97
agm001352674,SmMgInAg,4,52.36,0.6222,266.24
agm090935905,La3PmAs4,8,123.11,1.2153,280.0
agm135439981,Tb2PrNdCd4,8,31.87,0.5512,219.55
agm005094852,BaFeOsO6,9,319.23,1.735,593.64
agm014912924,Mn2Al2Pd,5,37.67,0.4027,457.36
agm002238542,Sc2TlZn2,10,36.97,0.4545,323.94
agm001207004,Gd2HgPb,4,58.76,0.8785,193.71
agm001207162,GdHgPb2,4,52.02,0.808,189.52
agm005187672,TbErTlHg,4,37.52,0.6219,189.79
agm103850548,CaEuBr4,6,188.77,1.924,324.24
agm139401277,Pm2InSn4Hg,8,49.34,0.646,229.88
agm019814408,TbDy(HoTl2)2,8,22.56,0.4821,185.32
agm092189593,Yb3P2Pd3,8,106.66,0.991,291.99
agm002272071,NdFe3Ge2,12,50.82,0.513,372.41
agm006122616,Sc6PSe5,12,195.1,1.267,428.9
agm017497030,CaIn3Rh4,8,84.73,0.7655,302.19
agm082595399,TiSnF6,16,470.73,2.32,742.32
agm005745628,ZrSnBr6,8,166.82,1.4335,342.12
agm103400432,TbSmErPuSe4,8,142.19,1.4672,266.34
agm002725091,Hf2OsPd,4,54.67,0.7129,230.33
agm065814547,NaVCdO4,7,435.09,2.023,745.74
agm077996119,NdHoTm2,4,5.04,0.2792,193.67
agm015525327,MnNi5Pt2,8,46.23,0.4975,357.49
agm031497868,Pr2TlSn3,6,52.49,0.699,220.7
agm033404425,Pm2SmErZn4,8,35.38,0.5126,253.84
agm002269794,PuGeF6,8,394.34,2.3515,555.56
agm003397064,Rb2AuO2,5,227.44,2.1657,373.53
agm001200840,GdCdPb2,4,60.11,0.8545,201.54
agm002182788,Bi2PbS4,7,64.81,0.661,295.97
agm014175551,HfAlAu4,6,83.31,0.901,241.77
agm003201815,NaZnP,6,176.93,1.006,487.36
agm084803825,Ac2LaDy,4,4.59,0.277,168.91
agm153178556,AcLa2Dy,4,4.99,0.277,183.17
agm023943671,Pr4Tm3,7,7.95,0.3117,200.21
agm002194681,Cs3Ag3Sb2,8,65.88,0.8645,210.11
agm059742928,Pr2ErSb3,6,88.28,1.045,241.49
agm003436996,La3DyCd2,6,25.0,0.4946,210.34
agm013278810,LaDyCd,6,33.18,0.5404,215.19
agm043973570,Li3Y2SbS6,12,260.19,1.4575,499.71
agm093140019,Pr4ErTm3,8,8.83,0.3213,199.17
agm003475683,NdNi5B2,8,58.47,0.4885,473.11
agm014143059,Nd(NiB)2,10,93.9,0.6111,488.37
agm048816586,HoTh3S4,8,146.74,1.4178,282.84
agm152599029,LaTbPmNd5,8,4.4,0.2642,202.0
agm042121560,LaTb4PmNd2,8,4.6,0.2646,200.96
agm116233858,Tb4Ir3Pd,8,64.34,0.8157,218.62
agm154144539,La3Tb2PmNd2,8,5.02,0.2684,201.55
agm002239071,ScIn5Rh,7,34.16,0.4798,282.05
agm018083462,Ca2LaDyIn4,8,55.63,0.6553,244.6
agm005777370,PmYSi4,6,93.74,0.685,411.46
agm105561741,MgPaF6,16,433.07,2.5675,622.06
agm069270341,Ti6InPb,8,45.2,0.4818,345.92
agm036313651,HoMg2Pd3,6,97.87,0.808,315.88
agm003439209,HoMg2Pd3,6,100.54,0.8198,318.13
agm122083823,NdEuCu4,6,71.85,0.688,319.95
agm004885529,Be2TlVF8,12,466.61,2.3936,670.1
agm002279341,Pu(GaH)2,5,86.75,0.6482,432.1
agm003435604,Nd2ScAl3,12,39.19,0.4739,330.29
agm003437699,La2DyAg3,6,51.9,0.6715,227.7
agm042249320,La3DyAg2,6,37.19,0.5864,216.11
agm001195248,PmGdAg2,4,49.51,0.6524,228.72
agm064966728,UPd11,12,20.4,0.373,292.01
agm005120742,BiSbAs2,4,20.1,0.376,277.55
agm001003607,YTiSb,6,78.09,0.7228,313.64
agm002948844,Y(TiIr)2,5,71.64,0.6991,285.28
agm005054128,CsCaAsS4,14,196.04,1.3609,407.96
agm114378912,ErLuRuPb,4,66.02,0.8237,215.08
agm121802937,MnCd2S3,6,186.48,1.093,447.46
agm019095535,Tb2AgPd,4,104.17,1.0403,253.62
agm078655493,TmInF6,8,393.26,2.4685,592.07
agm045018569,Tb2AgPd5,16,76.91,0.7652,277.86
agm086450869,TmSc3F12,16,511.19,2.6328,750.24
agm030997357,Sm4CdHg2Pb,8,49.56,0.7411,192.42
agm115412746,TlGaCl4,12,200.26,1.5383,396.96
agm002144349,NdGa5Co,7,52.26,0.5106,356.23
agm002133530,HfAl2Ni,8,54.77,0.5248,382.72
agm001141135,PuZrAu2,4,73.41,0.991,211.67
agm004556554,Cs2Rb2Na2Au,7,92.17,1.1115,228.11
agm002249303,TbAl5Os,7,68.02,0.5966,371.71
agm047074476,Nd4TlZnIn2,8,43.31,0.5879,217.41
agm017477785,La2PmN3,12,237.37,1.987,388.59
agm022651050,Ti10AlSb5,16,62.77,0.5416,365.52
agm013348211,PmScZn4,6,45.83,0.5103,344.67
agm081817428,TcAg2F6,9,352.71,2.1085,583.47
agm003438113,PmSc2Zn3,6,38.74,0.4532,333.86
agm077744747,LaPmN2,4,229.42,1.9825,389.78
agm002353357,CsUAuS3,12,113.7,1.1652,275.67
agm003614475,NdDyBi2,4,77.62,1.006,205.37
agm087535723,SmSeF,6,211.34,1.8984,368.22
agm034310330,NdDy(YEr2)2,8,5.23,0.274,206.79
agm078349292,Cd2AgBiF8,12,328.07,2.1827,503.16
agm002141835,SrCaAg2,4,71.03,0.7508,272.19
agm043893338,LiCa2Tl3,6,52.24,0.6492,242.43
agm005779774,MgTiZn4,6,30.68,0.3749,422.38
agm002312526,CaSmCuS3,12,192.53,1.2227,415.51
agm001115812,MgTiZn2,4,33.72,0.385,437.78
agm069258808,MgTi4Zn,6,28.18,0.352,447.15
agm002286701,MgAl2Pt,8,87.36,0.6804,385.43
agm148432097,Sm2MgZn,8,28.33,0.4574,261.9
agm003307383,Sm2Mg3Zn2,7,39.79,0.4586,328.35
agm012347756,Pr2PuTc2,5,44.41,0.5965,233.91
agm003616596,CeHoSb2,4,91.11,1.0375,241.41
agm153196389,EuGaCu4,6,42.87,0.4938,355.06
agm128408679,HoAlCu5,7,48.17,0.4686,390.28
agm002173981,VGaO4,12,499.08,1.7818,846.03
agm005813344,Sc2Hg2C,5,70.41,0.7052,299.37
agm032939583,HfTi2AlCo4,8,56.5,0.5062,401.0
agm047425058,Cs2PtI6,9,110.49,1.3966,217.99
agm002181676,RbGaS2,8,175.87,1.361,387.34
agm001194535,NdTm5,6,5.77,0.283,191.67
agm003628613,Ba2SiGe,8,87.55,0.878,271.05
agm049641076,Tb4Pm2PrTm,8,5.84,0.286,200.1
agm005017161,ErTcGe2Rh,5,69.98,0.6885,303.9
agm001140100,Lu2ThZn,4,13.6,0.3681,209.2
agm010095020,La3(SmY)2,7,7.72,0.3036,213.99
agm068990274,TiCo6Re,8,19.89,0.331,413.78
agm113572017,Tb2GdY,8,7.16,0.3025,211.27
agm123684055,SmEuTlZn,4,28.72,0.5013,212.67
agm059868844,Y3UP4,8,152.94,1.087,357.86
agm003542939,K3GaSe3,14,183.68,1.4493,361.23
agm078467171,TbGdP2,8,134.76,1.186,322.13
agm076063572,CsNbF6,8,369.24,2.7565,520.79
agm022594627,Li2Dy(CdGe)2,7,100.01,0.808,335.96
agm078263013,NdBiAu2,8,81.95,1.0738,203.91
agm002179416,ThInPd2,4,56.35,0.682,233.99
agm051173337,Na3PmI6,10,152.55,1.762,280.26
agm033148841,ThNp2S3,6,138.59,1.366,276.92
agm051793867,Pr2MgNiRu,10,100.01,0.8988,319.33
agm011460656,Rb2PtBr6,9,157.3,1.6504,286.43
agm009446575,La3(PrNd)2,7,4.42,0.2654,204.38
agm082346901,La5PrNd2,8,4.78,0.2661,202.91
agm042151350,LaPr6Nd,8,3.99,0.2575,208.17
agm007383470,H2RhPb,4,21.21,0.3375,407.19
agm006030077,Tb3PmBi4,8,90.26,1.0713,206.0
agm082286388,Ac3La4Sm,8,3.67,0.2631,176.49
agm142519202,Ac2LaSm,8,3.94,0.2657,168.82
agm002199073,PuTeAs,12,76.34,0.8783,236.42
agm042852144,Ac4La3Sm,8,3.79,0.2631,169.85
agm001160322,Ac2LaSm,4,4.33,0.271,169.19
agm078628747,BaZnGe,9,92.32,0.922,289.25
agm005207456,CaLaNiPd,4,134.13,1.0741,319.75
agm002216962,HoIn2Pt,8,57.39,0.7,234.73
agm121227395,CeGdNiIr,4,97.37,0.9874,260.85
agm034700281,CaHf2Pt3,6,85.04,1.0112,229.3
agm005649423,CaHfPt,6,101.16,1.086,245.87
agm038541546,Tb2DyYAl4,8,38.04,0.5046,291.93
agm009552399,Ti3Co3Pt2,8,70.8,0.6085,353.28
agm005184798,PrErZnAg,4,43.81,0.5939,241.8
agm043257491,DyTh3Tl4,8,20.6,0.46,178.55
agm070077620,NbMo3,8,37.36,0.466,310.5
agm012461301,NbMo10,11,15.3,0.3285,312.04
agm137217271,Ta6NbMo,8,20.08,0.402,233.46
agm069815421,TbUGa6,8,41.43,0.5065,293.21
agm013088362,Pr2PdPt2,5,86.69,1.0386,239.83
agm032561945,PrPd2Pt3,6,53.27,0.6438,241.39
agm034644266,Ho2TmSe3,6,139.19,1.432,276.25
agm109018287,LaPm4PrSm2,8,5.33,0.2747,200.65
agm024323125,Pr2Sm(DyEr)2,7,7.05,0.3053,197.5
agm002294682,NdHgPt4,6,52.24,0.7108,213.56
agm009655834,La2Pm2Sm3,7,5.95,0.2834,198.61
agm001275457,LuAlHg,3,57.64,0.6769,248.16
agm049477340,Pu(ThFe)3,14,52.12,0.6383,247.88
agm093387617,RbNa2BiF6,10,381.97,2.6467,533.33
agm014306389,Dy(YSe2)2,7,153.43,1.447,319.65
agm003123559,TlGaO2,8,261.38,1.7565,487.14
agm022020528,Tm2Si3Rh,12,82.43,0.754,336.31
agm003257708,InCuSnSe4,7,116.51,0.853,372.51
agm002134331,Sr3Al7Ag2,12,65.78,0.5648,378.3
agm078034826,TbTlSe2,8,120.93,1.3146,256.72
agm020611740,AcYTeSe,4,116.32,1.2985,249.83
agm004584883,Tm2Zr(TlSe3)2,11,117.89,1.3009,276.9
agm001612330,CdCoNi2N,5,156.71,0.8575,493.58
agm006412093,Co(HS)3,14,262.21,0.736,1033.15
agm034532673,Mn2AlRu3,6,72.54,0.5817,378.36
agm017268607,Th2Al3In,6,33.66,0.487,276.07
agm027902553,Ho2Nb3C4,9,189.93,1.216,452.2
agm005012009,TbY2AlN,5,165.55,1.2805,356.47
agm004597637,In6IBr3Cl2,12,120.05,1.327,275.52
agm090356838,InAgSnCl6,9,201.2,1.402,424.01
agm129596910,Cu5GeAu2,8,41.13,0.4703,326.48
agm004627780,Ba6SiTe2I3,12,121.33,1.561,226.25
agm002316232,ScSi2Ni3,6,45.49,0.418,505.84
agm001816063,Gd2InHg,4,45.16,0.6327,204.76
agm022406118,Pm2Nd(SmEr)2,7,6.98,0.2984,195.78
agm078209699,Tm2Zn3In,6,41.92,0.5262,277.36
agm004743618,NdEr(SiPd)2,6,94.73,0.856,311.38
agm068760861,PrNdHg4,6,59.94,0.8001,198.84
agm068826042,Zn4AgAu,6,50.65,0.5597,323.97
agm096208682,Zn3Ag2Au,6,54.49,0.559,310.42
agm104952710,Tm2SbTe,8,82.39,0.9354,231.12
agm003636315,ScTiP2,4,188.01,0.916,559.2
agm083912238,Tm2SbTe,8,92.91,0.9925,235.41
agm003415748,Ac3Bi2Te,6,74.66,1.102,182.99
agm002253953,EuAs2Pd,8,72.34,0.6978,299.07
agm064207518,PrDyBiSe,4,102.26,1.249,235.75
agm048284324,CsPm(SbPt)2,6,73.3,0.9734,208.66
agm094879169,Y4Bi2SbTe,8,94.7,0.9948,252.55
agm002270234,ScIrF6,8,435.01,2.23,665.03
agm004824537,Cs2NdThSe4,8,136.19,1.576,253.55
agm023808391,La2Pm(PrHo)2,7,7.82,0.307,200.64
agm003309506,Dy2Ho3Pt2,7,84.68,0.987,221.85
agm082403168,KGaI4,12,134.8,1.3798,280.84
agm004753156,AcDy(GaCu)2,6,70.06,0.7112,281.61
agm033176579,Mg2ScRh3,6,91.45,0.7424,374.66
agm005659088,PuZr2N3,6,256.09,1.804,431.1
agm056510584,Ac3PrZn4,8,33.73,0.5413,216.28
agm005001625,Cs2SnSbH,10,112.32,0.8787,329.24
agm007624414,Cs2SnSbH,10,74.75,0.8548,235.02
agm086397574,LaNbF8,10,425.96,2.2467,652.59
agm055054901,Cs2PdBr5Cl,9,147.58,1.81,276.32
agm158847233,Sc2BiTe,8,74.91,0.79,282.56
agm005201401,PrSmPI,4,127.36,1.3685,265.63
agm005944266,Pr3NdAg4,8,49.24,0.6605,229.81
agm001835616,PrNdAg,3,35.71,0.5536,222.13
agm095649798,Mg(CdAu)2,5,81.47,0.8627,263.53
agm020004916,TbPmGePt,4,95.39,1.0915,246.88
agm034273595,Nd2Dy3Y,6,6.77,0.29,205.66
agm155350039,GdInHg,6,52.28,0.6916,218.33
agm034105270,NdDy4Y3,8,5.5,0.268,216.04
agm107920019,NdDy2Y5,8,5.14,0.265,233.2
agm009272388,Nd2Dy3Y2,7,7.11,0.2877,211.8
agm002084670,AgHS,6,94.76,0.601,511.64
agm022972265,La2Pr(SmHo)2,7,7.88,0.3096,197.78
agm110395626,La4Pr2SmTm,8,8.11,0.304,201.72
agm060522764,MnVCr2,4,14.99,0.2873,466.58
agm126447980,Tb5Nd2Ho,8,5.38,0.2815,200.18
agm073033144,Hf2AlH,8,96.64,0.734,364.91
agm002385629,Ho2CdIr2,5,70.88,0.8152,227.71
agm033701339,K2Tl2SnBr6,11,153.01,1.6828,272.39
agm007380856,Nd2AlH,4,95.54,0.7975,326.1
agm042253749,HfSc3Al2,6,22.38,0.362,368.72
agm004831737,Ac4NiTe2Rh,8,89.51,1.1477,214.2
agm068217686,KCdSbI6,9,115.38,1.276,257.7
agm021069015,KLiHgTe2,10,96.09,1.0096,273.36
agm042245921,Zn3IrPt2,6,54.01,0.612,285.98
agm004810686,Sc4GeTe2As,8,120.45,0.9137,366.33
agm034742108,AcLa2Zn3,6,34.76,0.5329,234.96
agm019327817,ErThAlSi,4,54.47,0.6341,272.03
agm005584210,DyYTe2,4,94.77,1.042,254.51
agm122981966,CsBrF4,12,335.08,2.1445,506.09
agm006086741,Cs5Br4F,10,173.01,2.373,249.18
agm046190027,K(InSe)2,5,142.77,1.15,310.63
agm114874540,Ce2PrSe3,6,144.25,1.534,285.59
agm079070732,Gd3ZnRu2,6,63.15,0.715,252.14
agm138280310,TlAg2I3,6,85.65,0.9453,245.52
agm122214183,TlAgHgI4,7,83.49,0.9376,248.12
agm002045531,AgHg2I,4,32.26,0.5121,234.78
agm056228206,CaTm3Sn4,8,71.27,0.8033,238.77
agm001276292,PrGdTh,3,7.03,0.301,187.56
agm034369418,Dy2Y4ErTm,8,5.07,0.2594,221.54
agm014195737,K2SrI4,7,145.62,1.867,260.48
agm037104875,Ho2ErAg3,6,46.24,0.6096,225.66
agm001195175,HoErAg2,4,42.83,0.6087,226.11
agm025445487,TbPr4HoEr2,8,7.96,0.3138,201.17
agm002158977,LiCeSe2,8,192.19,1.6,346.67
agm005471457,EuIr2,6,61.76,0.79,219.52
agm148401426,Tb2LuPuN4,8,233.53,1.9172,369.36
agm135355765,Sb4RhAu,6,39.62,0.5277,284.15
agm002228209,CsNa2AgO2,12,260.79,1.8661,425.98
agm069065112,NaHg6Pb,8,32.4,0.565,197.81
agm013547116,ErTmCd4,12,37.47,0.5509,237.08
agm003331912,Na3Hg2Pb3,8,74.93,1.0101,219.77
agm002176984,VI2O,8,183.43,1.336,378.61
agm002260462,CaErSb,6,77.06,0.8544,252.41
agm002157695,LiUF4,12,411.18,2.77,561.85
agm005803557,Ni5SbAs,7,22.13,0.3409,411.2
agm017785554,DyYFe,6,69.25,0.677,315.65
agm005018712,PrBeSi2Ni,5,85.72,0.6142,455.53
agm056530581,VSn3I8,12,87.87,0.9543,262.36
agm003416571,Ba3NaCa2,6,7.28,0.2976,221.47
agm005708136,Tb3Ag2Ru,6,67.84,0.7793,239.95
agm002195686,DyAl3Cu2,6,54.6,0.512,402.73
agm114662160,PrNdTl2,4,24.74,0.5007,186.84
agm130818873,PrNd2Tl,8,24.27,0.4705,203.25
agm002320391,Tb2SnPt2,10,82.93,1.0093,225.85
agm005676756,YBr2F,4,282.51,2.275,437.23
agm023379733,La(Nd2Ag)2,7,37.7,0.5569,220.85
agm083229523,RbInBr4,12,176.23,1.744,306.71
agm005574492,Mn2(VCr)3,8,15.05,0.2953,465.17
agm091143595,TmTh3Se4,8,120.79,1.3862,248.63
agm069866310,V6CrRu,8,29.75,0.3831,430.3
agm005845092,PuNpAu4,6,70.47,0.982,197.47
agm005988062,KSr3I7,11,144.42,1.8124,246.51
agm005193901,SmYThMg,4,9.49,0.316,227.88
agm014698287,Pm2Pd3Au4,9,77.95,0.896,233.85
agm095241016,PmPr2Dy3Ho2,8,6.72,0.2909,198.08
agm041339202,PmPr2Dy4Ho,8,6.58,0.289,198.17
agm002195200,HfAl2Ga,4,39.96,0.4795,352.58
agm002186752,CeSi3Os,5,81.2,0.7067,343.7
agm001154483,SmEu2In,4,20.55,0.44,200.44
agm014915643,Pr2SmHg,8,30.67,0.528,195.51
agm001973775,PmGdN2,4,230.42,1.9375,392.19
agm004798386,HoIn2CuPd4,8,64.23,0.6368,288.83
agm096001604,ThAgAu,6,68.87,0.8811,209.13
agm122287522,YHoC,6,185.48,1.4425,384.64
agm016105315,Sm2SiPPt6,10,64.04,0.7574,248.49
agm004813842,Cs4AuIBr2,8,125.08,2.041,210.68
agm004842312,HoEr2NbN4,8,224.7,1.7913,420.5
agm069347030,NdAl2Os,16,82.82,0.7395,323.81
agm123316557,GdTlAg,6,49.25,0.6515,216.47
agm002353395,NdEuCuS3,12,157.43,1.1928,358.02
agm004514691,LiTh2Si3Pt4,10,86.98,0.8545,267.37
agm018242731,PrNd5Ho2,8,6.41,0.2928,200.17
agm070294257,PrNdHo4,6,6.56,0.2975,195.46
agm135727515,Pr2Nd4Sm,7,4.06,0.2564,204.06
agm030983011,PrSm2Ho5,8,5.42,0.2823,194.31
agm042705027,Pr2Sm3Ho,6,5.89,0.278,199.21
agm005750245,PrSmHo4,6,6.25,0.292,194.23
agm005706142,Hf2MgPb,8,51.65,0.6469,232.88
agm021042151,Pr5Nd2Ho,8,5.55,0.2755,206.5
agm043837964,Pr4NdSm3,8,4.99,0.2718,202.54
agm004751787,AcPa(CoGe)2,6,63.32,0.6615,275.89
agm032319200,Sr6As2RhBr3,12,172.47,1.723,301.25
agm078446202,PrGdAlGe,4,80.31,0.7754,287.28
agm002171503,InBiO3,10,242.74,1.636,447.58
agm039911307,Ce2ZrP3,6,153.52,1.15,362.29
agm005844298,Zr2Mn3Ir,6,53.73,0.5443,329.91
agm003439151,Pu3Tl2Hg,6,29.04,0.53,179.21
agm017355922,Tm3PuRh4,8,67.03,0.7983,237.19
agm001407469,PrNdHgPb,4,56.62,0.8453,188.22
agm002149541,BaGd2F8,11,270.59,1.98,469.9
agm125915534,Pr3Nd2Dy2Y,8,6.91,0.2939,208.62
agm065402545,InAgBr4,6,151.1,1.2445,332.7
agm038607985,Na2MnF4,14,595.29,2.7858,795.05
agm154891723,Nd3Sm2Er3,8,6.85,0.3025,195.22
agm034188930,HfCd2InRh4,8,53.24,0.6383,278.22
agm006024863,Th4Sb3Pb,8,72.56,0.988,204.06
agm005740129,KDyBr4,6,186.48,1.996,311.08
agm052459484,CsTbSb2Pt5,9,53.16,0.7009,228.04
agm054714973,PuTaVN3,12,258.12,1.6715,430.3
agm006057483,Ti4NbGa3,8,28.16,0.398,392.47
agm004832674,Ac4SbTe2Ir,8,79.98,1.1617,198.05
agm047707902,TbDy3In4,8,35.13,0.5573,216.01
agm013796389,LiHoSe2,8,184.53,1.5505,345.5
agm155268143,Pm3Nd2Dy2Tm,8,6.79,0.2935,198.67
agm041071396,DyZn3Pt2,6,66.34,0.6963,278.37
agm018559404,La2CeDyIn4,8,41.48,0.5952,217.48
agm046773685,NaEr3Se4,8,150.11,1.4988,296.39
agm005110922,Sc2TeSe,4,135.81,1.1,361.44
agm001161554,PrSm2Eu,4,4.88,0.271,195.55
agm064850210,DyY(AsO4)2,12,357.91,1.816,649.39
agm004753562,AcSc(ZnGa)2,6,49.86,0.5753,312.06
agm002182968,Ba3Ti2S7,12,194.18,1.511,389.83
agm009265022,Sr2Hf2Ir3,7,78.36,0.922,235.73
agm006049953,Pr6TmSe8,15,146.95,1.5126,284.96
agm004759801,Tl2CdBr3F,7,145.03,1.7003,261.12
agm003553367,Pm4AlSi3,8,77.39,0.7155,311.69
agm001221174,TmSnRh2,4,77.32,0.7615,270.51
agm095590389,Ti2NbPb,8,59.34,0.6145,298.8
agm005969428,Tb3DyMg4,8,14.86,0.3464,263.74
agm068386018,CaZn2Si,8,93.63,0.628,435.05
agm005596454,PmZnAu,6,96.06,1.0114,246.74
agm094863683,TbPr3Bi4,8,77.49,1.0577,206.32
agm001336004,ScSnIrPd,4,59.15,0.6434,275.51
agm003166402,AgPtAu2,4,30.41,0.4983,233.72
agm004583048,ZrTl2(HgBr3)2,11,106.45,1.3111,227.83
agm004823939,TmTl2BiSe4,8,102.76,1.0802,244.41
agm033916166,Tm2Tl3BiSe6,12,102.97,1.138,246.68
agm034653031,ErTm2ScAg4,8,55.75,0.6742,249.22
agm006106284,Sr8As5Cl,14,136.6,1.3647,300.15
agm003489265,Hf2ScH6,9,152.64,0.7136,610.27
agm001160915,PrThHg2,4,40.05,0.6646,180.96
agm003439945,PrTh2Hg3,6,39.12,0.6464,177.82
agm003742351,PrThHg4,6,49.42,0.721,192.13
agm012620909,Hf(SnSe2)2,14,130.48,1.078,320.01
agm014799526,KAcSe2,8,152.48,1.681,263.98
agm004837727,Tb2PrScAs4,8,128.63,1.1568,307.09
agm005909381,Ag2HPd4,7,19.78,0.3438,343.82
agm005723128,ZrSc2Rh3,6,78.16,0.7309,328.91
agm099056640,Tb2PmPr3,6,4.92,0.265,204.57
agm013414408,RbInCl2,8,187.89,1.924,330.13
agm098331325,PmYPb6,8,47.95,0.7698,189.16
agm054638339,CaLa3Hg4,8,50.13,0.7321,198.22
agm002294288,NaDyI3,10,134.42,1.5668,257.42
agm114592792,LaPr3Nd3Er,8,5.83,0.2781,204.79
agm051901217,Cs2NaTbSb2,12,66.9,0.8841,213.97
agm005595996,Rb2Na3H5,10,326.34,1.4231,692.31
agm003438656,LiNd2Mg3,6,24.44,0.3807,336.17
agm005629655,Mn2Ge3O8,13,419.99,1.6849,745.98
agm002147179,ZrInCu,3,59.93,0.601,327.36
agm025134615,Pm2Nd(SmY)2,7,6.54,0.2864,213.64
agm052332163,Sc4NiIr3,8,62.83,0.6634,297.93
agm022071010,CsErP2Se7,11,138.52,1.1505,328.71
agm067179834,CsCeCuI6,9,121.8,1.522,235.24
agm134124948,NpPaN2,8,163.29,1.699,326.78
agm019640263,PrThGeOs,4,84.45,0.9585,235.23
agm045423996,BeAl3Ir4,8,52.8,0.5624,314.88
agm066221022,Cs2ThBr6,9,151.58,1.9735,261.91
agm003213409,ZrMn6GaSn5,13,52.76,0.5137,343.71
agm002748728,Mn2VGa,4,30.42,0.3721,438.65
agm005761346,Li6SnAu,8,127.28,0.7859,462.54
agm091416717,Tb3Rh9C2,14,122.35,1.0028,340.02
agm006016472,Nd(MgCd3)3,13,31.25,0.4472,289.4
agm087968108,Ti(VW)2,5,66.18,0.6328,310.72
agm002265281,PrCoSn,12,74.43,0.7254,293.93
agm015998474,ErHgPb,6,54.95,0.795,189.03
agm005691527,MnNbGa,6,23.56,0.367,373.63
agm002699596,YMgCd2,4,37.0,0.4859,292.21
agm003413447,Ho2Hg3Au,6,69.11,0.898,202.11
agm068787457,Ti4MnCd,6,11.4,0.2806,400.61
agm142417221,KRb2Ge4Au,16,93.68,0.8877,282.14
agm001383869,HfScCoIr,4,64.0,0.6884,276.7
agm001955930,AcZnPd2,4,76.39,0.7759,263.44
agm038755454,NaCd2In3,6,29.49,0.456,271.38
agm003636728,MgPRh2,8,109.86,0.7747,412.67
agm005038064,CsTmGeSe3,12,122.72,1.2908,281.1
agm012691515,YTm2UP4,8,127.78,1.0735,320.56
agm125844827,Y2TmUP4,8,132.91,1.0802,337.24
agm014663232,YErMg,6,8.31,0.2869,262.31
agm009262496,Nd3Pd3Pt2,8,89.86,1.0015,248.62
agm032535410,Er2TaRu3,6,69.16,0.8023,256.71
agm002300107,DyAgTeO,8,134.81,1.1104,331.22
agm004747147,CaGe2BRu2,6,89.85,0.6666,417.73
agm012198721,Tb2HoS4,7,174.46,1.543,342.51
agm005729621,PmSmF6,8,335.55,2.1024,518.04
agm019990051,SrNi2(PO4)2,13,444.88,1.7854,765.07
agm007359005,NbHI6,8,132.3,1.0794,340.42
agm001392542,HoErMgTl,4,20.87,0.43,213.86
agm070296344,MnV4W,6,42.78,0.4687,379.4
agm005010971,TbNd2CdO,5,138.06,1.5445,279.09
agm020028285,NdCuSeO,8,203.83,1.3679,414.29
agm077802479,TaNb6Pd,8,25.71,0.4075,285.95
agm068835812,HfNiF6,8,448.81,2.3875,671.59
agm039786356,Be3Ni2Rh,6,88.14,0.5484,569.8
agm003310560,Pm3(NdAg)2,7,64.8,0.7887,231.45
agm003626205,DyYCu2,4,87.14,0.7855,312.46
agm005991718,La4Pr3Zn,8,11.81,0.344,216.69
agm005230230,NaTmCl4,12,256.61,2.113,435.13
agm051175007,Na3TmCl6,10,305.89,2.185,474.64
agm051956595,TaNb3Re4,8,23.43,0.4268,245.92
agm140575941,Th(GeH)2,5,71.79,0.5965,401.89
agm004853169,PmMg2NbN4,16,337.52,1.7762,640.1
agm005206471,SmThNiRu,4,84.69,0.9325,260.17
agm012455075,ErSc(BiPd)2,6,68.32,0.7971,247.31
agm004859558,BaSr(CaSe2)2,8,181.31,1.681,325.74
agm078240614,Hf2Ta2Fe3,7,34.67,0.4754,275.6
agm005626653,TaTeS,6,109.77,1.006,316.39
agm002134208,Zr(TiAl2)2,7,26.08,0.3389,485.5
agm024498668,Tb2Pm(PrSm)2,7,5.79,0.2796,200.65
agm140706316,Tb2Pm2Pr3Sm,8,4.75,0.2687,202.3
agm104736372,Tb3PmPr3Sm,8,4.97,0.2721,202.42
agm068165027,MgUTlI6,9,126.55,1.384,242.59
agm027389911,Tb4PmPrSm2,8,5.98,0.286,199.28
agm003711959,NaGa3Ge,5,75.14,0.6117,376.35
agm011004644,Nd4Cu4Te3SeO4,16,176.39,1.295,387.28
agm004775766,CsNa2CuBr4,16,184.06,1.7496,329.88
agm090738472,Tm2ZnPd,8,51.06,0.6679,242.64
agm005192383,AcGaNiPd,4,69.15,0.7163,281.85
agm003162558,Tm2ZnPd,4,55.84,0.7032,243.0
agm112069299,CsK(TlBr2)2,8,135.68,1.8227,244.24
agm005208359,PrDyPdRh,4,108.09,1.0977,263.69
agm037490007,Mg2InCuSe4,8,170.01,1.1275,422.07
agm002355389,Ca(SiNi)2,5,119.04,0.661,497.51
agm062027618,KZnPO4,7,402.64,1.804,708.39
agm040563631,Nd3Tm3TcPb2,9,70.64,0.8945,209.27
agm068530136,ZrNi2P,8,89.7,0.6244,438.51
agm092256283,TlAuBr2,8,96.9,1.1248,250.4
agm093083557,TlAuBr2,8,91.08,1.18,233.56
agm083122685,Pm2Nd3Ag,6,17.01,0.4076,212.04
agm003187527,TbCoC2,4,186.45,1.1032,465.33
agm053979701,YMg3Cd4,8,44.8,0.4982,319.63
agm092986388,LuMg(ZnGa)2,6,56.44,0.5602,345.43
agm001319339,LiYMgIn,4,72.12,0.6274,352.9
agm008954157,Zr3(ZnHg)2,7,51.29,0.5934,274.88
agm003192345,Zr2ZnHg,4,53.36,0.5732,276.13
agm042017099,Mn3V2Ga,6,21.43,0.3317,446.78
agm004963184,CsDy(TlI3)2,10,100.91,1.3863,212.03
agm056312394,HfTiMnAu,4,68.23,0.6994,285.77
agm002324028,Lu2Zn2Cd,10,40.47,0.5297,265.96
agm004596540,Cs6Au2BrF3,12,164.65,2.6883,263.17
agm004714707,Cs8Au4Br3F,16,134.32,2.142,214.44
agm117197194,Pm3In3CuNi2,9,65.88,0.6994,282.11
agm035456693,Na2CdBr4,14,213.74,1.8205,372.51
agm037581295,TbSm2ErTl4,8,24.53,0.504,185.7
agm005985464,Cd4CuAg3,8,23.13,0.3895,292.05
agm083725388,ZrPaInC,4,93.91,0.8429,295.1
agm004820235,InSn(Te2Pb)2,8,26.37,0.457,230.15
agm002266634,Dy2Cu2Hg,10,76.31,0.8127,252.37
agm013275629,PmTlRh,6,79.44,0.9304,241.33
agm003270357,VCuSb,6,40.35,0.4606,366.57
agm006022213,Np4As3P,8,89.74,0.9903,252.59
agm001838048,NdGdAu,3,57.51,0.7834,200.51
agm007178578,Na2MgAsH,10,255.11,1.1269,597.1
agm004587161,Cs2Ce(HoS3)2,11,163.89,1.44,316.74
agm002167474,Y2Ni2Sn,5,91.13,0.7603,337.26
agm007185777,Na2ZnSbH,10,178.05,1.0302,464.74
agm060462717,AcNbO4,12,320.35,2.131,495.82
agm110936864,Pu4TlSn3,8,38.66,0.6325,193.28
agm001220544,Ac2PrSm,4,5.08,0.286,170.02
agm110645808,AcPr2Sm,4,4.37,0.2657,185.15
agm018914213,SrCaZnRh,4,132.48,1.0111,335.15
agm019682656,In2Ag2Te3S,8,56.78,0.5785,312.01
agm113828167,Ac2(TePd)3,16,71.47,0.8286,239.24
agm003186438,Sc2ZnCo,4,50.78,0.4823,412.07
agm001620138,CoHRu2W,5,37.73,0.418,410.41
agm005633064,Hf2TiIn,4,30.9,0.502,254.36
agm008941183,Cr2(NiPt)3,8,55.36,0.5568,324.36
agm069318344,LaErTm6,8,5.86,0.2853,191.47
agm018093520,La3ErTm4,8,8.04,0.3175,194.23
agm021095086,La4Er3Tm,8,8.36,0.3152,196.75
agm003303812,Nd2Hg2Pd3,7,68.68,0.7951,240.96
agm003157610,GdSe,2,136.23,1.465,281.19
agm003201880,GdSe2,6,136.54,1.2441,289.17
agm109969675,LaTb2Pr3Sm2,8,5.52,0.2774,201.71
agm144263690,TbPm3Dy3Th,8,7.44,0.3111,193.3
agm110593022,PmTm2AgHg2,6,48.92,0.6687,200.81
agm004841322,Pr2SmScP4,8,150.19,1.1433,360.84
agm005639058,Ba2LiPb3,6,79.71,1.1014,203.09
agm152940468,RbTaI6,8,133.05,1.498,251.84
agm002259130,Pa2W2C3,7,103.97,0.808,346.1
agm038445674,LaNd2YTl4,8,26.57,0.5033,191.35
agm004792816,LiCe2YTl4,8,29.63,0.5465,208.97
agm003187089,RbBiS2,4,139.82,1.294,303.49
agm017998545,MgGe(PRh2)2,8,80.73,0.6201,406.15
agm001182830,PmPt4Au,6,57.38,0.7576,215.7
agm005918419,Cu4Pd3Pt,8,36.11,0.442,338.42
agm001219872,PmEuHg2,4,44.75,0.6884,189.37
agm004806581,CaMg(ScHg2)2,8,59.86,0.7025,250.95
agm010083064,Pm2(HgPb)3,8,52.68,0.8148,190.92
agm004749634,TmMn2Ga2C,6,124.21,0.8016,421.07
agm037997318,SmNp(NbN2)2,8,237.54,1.6967,432.57
agm003554058,Tm4TlAg3,8,60.24,0.7419,230.38
agm003418603,Tm3Tl2Ag,6,29.31,0.513,196.73
agm046052298,LiLa2CdHg4,8,64.73,0.8042,217.07
agm157559507,TiNb2In,8,18.59,0.3503,320.41
agm003550579,Pm3CoC4,8,173.47,1.147,430.24
agm003279031,HfH2Se,4,134.03,0.8164,472.24
agm002310046,PrCd2Ru,8,55.25,0.655,268.28
agm014006638,Mg4HgRh3,8,105.32,0.8354,356.55
agm035896475,MgSc4CdHg2,8,57.0,0.5836,295.3
agm041235459,Cs3La(BiS3)2,12,137.42,1.3268,293.11
agm013608403,Ce2Zn2Ge,5,72.42,0.6976,304.08
agm040155451,Er5TmSc2,8,7.87,0.3006,218.44
agm001628738,NaCa2SbO,5,266.21,1.8415,447.87
agm001612710,CsGeBr2Cl,5,175.1,1.714,299.54
agm146195010,RbTeF6,8,396.47,2.326,614.57
agm003473038,LiZn2F5,16,554.0,2.5244,797.58
agm123999084,Lu3MgCd2,6,33.5,0.483,236.27
agm004846853,TbDy(NpP2)2,8,106.11,1.087,296.02
agm005756455,HoMnPt6,8,50.59,0.6505,238.25
agm005191692,LiAcIN,4,223.67,1.9353,376.09
agm003192057,CoRe2Ni,4,6.72,0.2612,308.41
agm035867939,Ca2DyTmRh4,8,91.69,0.8877,280.65
agm005016190,SmCuGe2Au,5,79.34,0.7934,287.37
agm002234137,LaPd2Pb,8,79.95,0.8187,240.89
agm115363081,Li2LuCd3,6,54.48,0.5877,302.31
agm004906752,PrPa2BiO8,12,189.33,1.3037,404.05
agm100105581,Nb5TcMo2,8,35.2,0.4627,308.25
agm114736537,TiNb5Mo2,8,40.92,0.4837,316.72
agm005028418,RbTiTlTe3,12,88.71,0.9637,245.18
agm130104068,LaTb2Pm4Pr,8,4.75,0.2657,201.97
agm003200539,TbCo2Ni3,6,62.02,0.5301,387.16
agm020957976,AcSm3Ag4,8,46.29,0.6544,214.6
agm049237223,PuSc(GaRu2)2,8,75.11,0.6908,307.04
agm001230227,MnVCo2,4,45.23,0.436,476.33
agm052575285,Al7CrRu8,16,70.02,0.561,400.02
agm003186526,ZrZnIn2,4,36.39,0.472,296.33
agm006019131,Th(InHg2)2,7,32.44,0.538,203.4
agm005958997,U(HgSe)2,5,46.24,0.6712,203.98
agm005214608,AcInSnPb,4,58.21,0.8305,196.62
agm005020350,PrP2OsRu,5,76.44,0.7614,313.68
agm025646468,Pm2Nd(SmTm)2,7,6.98,0.3023,195.16
agm085337552,RbSbS2,16,157.01,1.2014,364.59
agm018936263,AcSmTeP,4,99.15,1.159,242.41
agm109060908,Lu2TiRh3,6,78.11,0.7793,277.21
agm113608014,PmNd4Dy2Lu,8,6.6,0.2943,200.57
agm021823675,TiNb3InTe8,13,63.3,0.646,291.38
agm004782445,CsTl(InCl2)2,8,157.71,1.7507,285.98
agm003437336,NdTm2Cu3,6,52.75,0.6166,262.24
agm103546467,TlInCl4,12,184.29,1.564,348.1
agm053668023,TbHo(BeSi)2,6,93.02,0.691,397.98
agm060885479,TlIn3Cl8,12,183.79,1.5292,370.05
agm153735324,TlInCl3,10,177.46,1.5513,321.39
agm068137012,TlIn3Cl8,12,196.84,1.5229,385.33
agm004621440,Cs3K(InCl3)2,12,181.56,2.0815,308.73
agm004587164,Cs2Tb2CeS6,11,171.11,1.492,317.48
agm044064605,Ba2LaSi4,7,97.84,0.8249,340.36
agm021228736,PmPr4SmY2,8,6.93,0.2935,216.74
agm003158579,CaSiAg,3,101.9,0.7522,382.6
agm001312786,MgTaRuRh,4,73.44,0.7315,305.69
agm003207163,Cs2TmAgCl6,10,188.22,2.023,316.98
agm003194159,Nd(CoP)2,5,106.27,0.7845,409.69
agm005726489,Er3AlIn2,6,32.14,0.5263,232.54
agm003149454,TaHgTe2,4,33.97,0.5425,214.72
agm003410982,Ce3GaHg2,6,57.41,0.74,223.62
agm018937163,NdSmZnRh,4,100.37,0.9473,274.66
agm091131637,ThZnHg,6,50.35,0.6519,217.74
agm001123782,Y2TmMg,4,7.91,0.2846,262.89
agm005604627,Nd2(SmTe2)3,11,96.76,1.0978,236.7
agm003329577,Ho2(MgSn)3,8,54.42,0.6273,281.36
agm034741129,YTm2Mg5,8,9.51,0.2877,313.2
agm002208824,BaLaCuSe3,12,134.77,1.2738,294.32
agm004642951,Cs3Sr(CeS3)2,12,179.67,1.6453,317.46
agm003774995,TbCePd6,8,74.88,0.7405,282.07
agm003628607,Tb2GePt,8,98.53,1.1033,245.54
agm004667343,Sr3Ca(ReN3)2,12,222.99,1.7312,400.32
agm095208110,CsTl(FeCl4)2,12,190.59,1.717,352.78
agm087496001,CsTl(FeCl4)2,12,210.21,1.7283,397.36
agm021643127,Tb2NdUP4,8,125.9,1.159,309.6
agm046425365,BaSr(PbAu)2,6,90.71,1.2728,199.54
agm058545727,Nd4Bi3Te,16,83.23,1.06,211.92
agm005199035,AcLaPSe,4,127.93,1.393,264.59
agm002032827,ZnPdPt,6,44.98,0.5315,291.84
agm009993655,U2Zn3Ni2,7,38.37,0.4588,316.38
agm035551539,PrPa2N3,6,197.05,1.747,346.29
agm033717253,Tm3In3PdAu2,9,83.73,0.9832,234.41
agm003773747,PmHfCl6,8,247.74,2.0005,410.23
agm076185745,CdCoCl4,6,243.13,1.4875,517.97
agm045009127,Li2HfTiRh4,8,122.45,0.9265,352.47
agm002347371,KNaHgSe2,5,132.6,1.2607,290.43
agm141667317,NdHo3Hg4,8,42.54,0.6634,190.22
agm005661493,Pu4C2I5,11,107.12,1.2437,248.2
agm001355059,ErLuAgHg,4,41.69,0.6344,208.37
agm004555672,Cs2K(GaSb)2,7,80.24,0.9392,246.63
agm068163116,AcLa2Ag,8,42.87,0.6455,201.49
agm043753664,Tb8BS7,16,190.76,1.5213,330.53
agm158164008,CsInBrCl,8,165.04,1.8592,277.65
agm005180390,CsInBrCl,4,168.26,1.8192,269.53
agm005065911,InAsPbO5,16,280.5,1.501,564.25
agm005055909,PrDyCrN4,14,295.27,1.7735,515.82
agm064765262,HoMgRhAu,4,103.69,1.0101,268.08
agm004555576,Li2La(MgAg)2,7,83.26,0.6402,378.71
agm005785220,CdOsCl6,8,195.19,1.3435,442.05
agm038379043,Mg4Ag2IrPd,8,77.61,0.6775,346.27
agm050666034,PrPu(NiSb)2,6,74.07,0.757,267.09
agm090422647,NdLu3Ru2,6,54.49,0.6576,233.89
agm100191141,InCuSiS4,7,177.01,0.898,554.33
agm005816030,SmPaTe6,8,56.59,0.7267,231.53
agm006654814,BaZrH5,14,205.13,0.9169,647.67
agm114673633,LaPm4Sm2Dy,8,5.65,0.2815,198.44
agm002290632,PuHfN2,4,200.19,1.825,356.93
agm073562939,RbAuS,9,135.05,1.258,279.97
agm082133313,Pa(TlI3)2,9,98.8,1.222,212.01
agm003621129,Tb2NdRu,8,87.4,0.9635,244.91
agm012057391,TbNd2In3,6,44.43,0.6064,219.37
agm004806584,NdMg2ScHg4,8,60.16,0.7038,241.83
agm035776495,Tm2InAg4Hg,8,41.77,0.5766,236.13
agm083785296,KGaCl3,10,284.67,1.8237,478.62
agm009963263,Ca2Zr2Ir3,7,87.52,0.8664,269.59
agm005196326,RbSnHgAs,4,74.18,0.8728,233.05
agm005808188,RbZnIn3,5,48.11,0.5959,264.36
agm002249988,AlGeSe3,10,146.31,0.9378,428.81
agm002702164,MnSbRu2,4,52.64,0.5521,319.27
agm004559589,Cs2Na2CeSe4,9,148.63,1.3927,289.21
agm002225561,Cs2NaAsI6,10,119.46,1.5888,229.95
agm005754155,Pr2OsN3,6,222.4,1.648,410.62
agm003433086,Ac3SbN2,12,124.79,1.5328,228.67
agm005889791,Ho2UPd9,12,59.13,0.664,272.06
agm108706009,NdGdCdAu,4,73.84,0.9058,214.62
agm004847532,Nd2TmZrN4,8,238.17,1.8925,421.31
agm156667198,LaTb(Nd2Sm)2,8,5.64,0.2815,199.61
agm025757891,LaTb2(NdSm)2,7,6.01,0.2864,199.19
agm042239704,La4Tb2NdSm,8,4.85,0.2646,200.83
agm005010964,Nd2ErCdO,5,142.65,1.5025,276.55
agm013961795,Dy4GeTe3,8,87.21,1.0217,244.3
agm010055071,Tb3(PrEr)2,7,7.49,0.3091,200.16
agm017523721,TbPrEr,6,8.46,0.309,199.48
agm022587152,TbPr4Er3,8,7.88,0.3063,202.08
agm005705025,AlICl2,16,262.33,1.495,521.54
agm005744329,DyCoCl5,14,276.95,1.7584,473.19
agm005808470,CsIn3Au,5,77.55,0.9759,222.11
agm003189193,NdMgHg2,4,51.62,0.6814,220.62
agm005804872,TbZrNi2,8,87.74,0.7651,332.63
agm032544021,Sc3Tl2Ir,6,37.2,0.5146,258.33
agm002137121,FeSn(BO3)2,10,474.81,1.5753,940.44
agm002159142,BaLiSn2,16,91.95,0.9097,271.84
agm060600086,HoErMgGa,4,28.55,0.4477,255.81
agm001209670,Nd2TmIn,4,34.95,0.5545,213.73
agm080863006,Ag2GeF6,9,338.98,2.071,536.7
agm005205759,CeNdIrPt,4,91.67,1.1331,228.52
agm005813377,Th2Tl2C,5,46.77,0.673,208.84
agm003435673,Na2SbPd3,6,96.04,0.8161,324.48
agm005122803,CsTl2Bi,4,47.67,0.7568,172.91
agm038188332,TmHf2ZrRu4,8,69.59,0.7499,263.31
agm142649758,LaNd5SmEr,8,5.69,0.2819,201.52
agm002383196,Tm2SnIr2,5,68.68,0.8718,226.66
agm005051578,KRbCoBr4,14,185.33,1.777,327.14
agm040149589,In3HgPb2,6,31.41,0.547,204.96
agm005125722,InHg2Pb,4,13.83,0.3738,194.56
agm157673387,InHgPb,6,27.28,0.525,197.33
agm035074427,In2HgPb3,6,30.33,0.536,194.16
agm002137575,TmNiBC,8,130.15,0.7805,473.36
agm095758012,InHgPb2,4,28.74,0.5305,191.51
agm003178761,InHg2Pb,4,21.15,0.448,197.3
agm003178748,InHgPb2,4,14.89,0.3886,190.33
agm050037729,Ba4Sr3Te8Pb,16,101.91,1.2085,230.28
agm043062583,Nd3Tl2Pd,6,47.59,0.7085,206.28
agm038876441,InHg3Pb2,6,19.04,0.426,191.1
agm005004550,RbInHg2Pb,5,58.97,0.8526,198.7
agm046268443,LaTb2HoTl4,8,27.31,0.523,186.59
agm046469645,LiLa(CdGe)2,6,99.66,0.8605,311.4
agm018697402,GaB2Ir5,8,26.92,0.4091,311.66
agm004645648,La2Tl3SbTe6,12,57.87,0.7735,218.84
agm005047592,PrWClO4,14,247.59,1.5983,476.98
agm019376121,Ca2PmErIn4,8,50.01,0.6393,243.72
agm001160894,PrTmHg2,4,47.72,0.69,192.09
agm042186550,PrTm3Hg4,8,39.51,0.6589,190.46
agm001400446,PmErMgPb,4,63.48,0.7945,214.49
agm062820022,CsCaYI6,9,135.09,1.7026,256.73
agm001341767,MgScZnCu,4,63.84,0.5341,424.04
agm120898259,Pm2Sm5Dy,8,5.56,0.2792,195.67
agm003622717,Ac2LaIr,4,93.91,1.24,217.17
agm005909920,Ac4LaTl,6,9.46,0.354,160.17
agm005943999,Pa(FeNi2)2,7,25.3,0.3707,380.15
agm083255541,ErHf(UP2)2,8,109.02,1.0285,299.75
agm013931875,TbHoB4,6,138.44,0.775,472.06
agm143250692,PmSm2Dy5,8,5.32,0.2781,195.05
agm069713172,YAgF4,6,294.98,1.582,522.86
agm003184416,Zr2ZnRh,4,91.58,0.8209,338.33
agm005778813,IrPdO4,12,286.67,1.366,571.36
agm003439972,Er2PuHg3,6,39.14,0.6451,184.55
agm002328635,Nd3Al3Si2Ru,9,91.65,0.7533,347.5
agm028924103,Zr(Co3Si2)2,11,26.67,0.3376,493.61
agm093019717,Y3Mg3Ge2Pd,9,97.29,0.7437,360.14
agm014965407,Hf2ScS4,7,203.17,1.384,398.62
agm002245641,CeVGe3,10,84.03,0.6786,355.03
agm002260514,CaSnAu2,8,92.28,1.0506,241.49
agm118604572,Bi2Te4Pb,7,14.0,0.367,217.47
agm025550822,Y2Mg(InRh)2,7,84.58,0.7913,305.65
agm052205695,Sc4RuPt3,8,70.1,0.738,285.06
agm149627135,La4PrGd,6,5.63,0.276,202.6
agm022101776,NdTh(NiSn)4,10,48.47,0.5447,294.56
agm088445130,Lu3Ga2Ag,6,41.39,0.5608,243.01
agm070017341,AcThNi2,8,66.41,0.7762,244.84
agm002262732,Cs2TlSnCl6,10,168.62,1.933,292.12
agm103456972,Ac2La5Pr,8,3.66,0.2556,185.87
agm031821738,LaPr(YTl2)2,8,26.81,0.503,197.53
agm040860334,CeEr(PaAs2)2,8,100.1,1.006,265.04
agm046833727,AcLa2Pr,4,4.16,0.2612,186.3
agm088833331,AcLaPr2,4,3.95,0.2635,187.39
agm005796001,PrNpBr6,8,170.88,1.7935,297.41
agm002164604,NpIN,6,109.49,1.1572,258.22
agm005842232,Np(IBr)2,5,147.54,1.6,272.32
agm006055854,Tb(In3Ni2)2,11,36.83,0.4705,322.06
agm003619214,Na2GaAu,8,109.56,0.9398,314.5
agm003630058,NdYNi2,4,97.16,0.8249,330.89
agm003269598,K3FeF6,10,438.66,2.8343,611.81
agm034364961,Ti3In2Cu,6,33.23,0.418,358.37
agm138271058,Cs2AgBr3Cl2,16,170.25,1.7965,289.05
agm092746287,Th3C2O,6,176.12,1.642,305.66
agm001924211,Th2SiGe,4,76.99,0.8395,248.59
agm001613074,CsSrBr2Cl,5,177.45,2.191,273.8
agm048127651,Mg2CdCuPd4,8,86.77,0.7072,343.93
agm010079802,Nd3(HoEr)2,7,7.09,0.3044,195.71
agm011551268,Cs2Ce(ICl2)2,9,164.28,2.1029,269.73
agm013958152,ScTaB4,6,117.28,0.616,595.34
agm089499513,Tb2HgIr,8,60.18,0.8162,207.56
agm027121122,PrHfAlO5,16,394.89,2.1255,593.89
agm014058932,Hf(TiTc)2,5,50.97,0.5408,323.25
agm046315336,SrLi(MgAu)2,6,122.12,1.152,305.86
agm031968530,Ce3Cd2Ag,6,47.6,0.64,243.18
agm062861151,HfTi3B4,8,125.67,0.6214,567.88
agm005907652,Tl4BiAs2,7,25.44,0.4882,197.44
agm090902437,Ac2La2Hg,5,24.55,0.4992,174.93
agm005767475,Tl6BiAs,8,20.31,0.4457,186.49
agm003480080,SmDy2Hg5,8,58.23,0.7779,196.62
agm027778586,CsTlAgCl5,16,199.76,1.903,338.59
agm078951550,Ce2SeS2,5,158.66,1.5563,333.38
agm003410457,TbHo3Mg2,6,8.71,0.308,235.81
agm047746720,Tm3U(TaC3)2,12,175.82,1.3255,377.02
agm130969375,Tb3Ho2Mg,6,6.86,0.292,215.63
agm109294547,NdCoSi2,8,67.33,0.5526,401.26
agm001160418,AcLa2Th,4,6.83,0.31,175.36
agm027898404,DyNpO5,14,338.16,2.185,496.94
agm034726091,YZr(InCu2)2,8,52.69,0.5553,327.18
agm005022199,SrMgInAu2,5,98.11,1.0463,251.06
agm048556439,Al4TcIr,12,47.57,0.484,399.65
agm034730507,Zr3Zn2Ga,6,45.5,0.49,336.75
agm068858920,ErSiIr2,8,59.63,0.7072,261.84
agm038570725,Pr3Er3TcBi2,9,57.53,0.772,209.2
agm005014473,ZnInBrCl2,10,191.74,1.4768,379.92
agm022399775,Ba2Li2ThGe2,7,83.67,0.8404,289.92
agm004729163,Cs4Ac3SmS8,16,147.08,1.6796,276.45
agm025132585,Sr3Be2Pd7,12,116.98,0.9796,319.35
agm002331593,CaNpCuSe3,12,129.13,1.1708,311.74
agm118758443,ErHfZrUP4,8,129.36,1.0397,330.92
agm027619914,Cs3Sm2ErS6,12,141.74,1.4051,294.42
agm077749422,KPaBr6,8,180.51,1.768,314.29
agm003412881,Ce2AgHg3,12,57.01,0.7762,211.97
agm060737716,AcGaCuIr,4,65.91,0.7063,263.19
agm090612145,Zn2(CuAu)3,8,71.13,0.6985,303.0
agm032058009,ZnCu3Au2,6,63.48,0.645,314.52
agm063024128,KLi(AlCl4)2,12,376.96,1.9189,627.67
agm001621238,Mn2FeAuN,5,205.86,1.282,431.75
agm020116004,HoErGeRh,4,90.18,0.9536,264.51
agm003216422,FeMoClO4,14,406.32,1.539,781.47
agm005963864,Pr(MgGe)2,5,78.92,0.6717,354.85
agm003296325,PaI3,8,98.89,1.1449,228.06
agm003353655,Rb2Ge3I8,13,105.15,1.1028,267.57
agm015519793,Ac(YSe2)2,7,146.58,1.483,297.49
agm043920893,Sm2ErMgHg4,8,44.3,0.6701,202.73
agm006023349,CeTh3As4,8,102.41,1.0825,249.89
agm005248857,Ce2Th2O7,11,216.72,1.6468,400.73
agm005826463,Ac(MnGe)2,5,82.06,0.7515,299.96
agm004829631,Cs2AcCeS4,8,157.64,1.669,289.51
agm003734373,MnAgF4,12,432.51,2.2904,668.96
agm117206169,PmICl2,16,193.55,1.927,337.43
agm078690904,PmI2Cl,16,162.23,1.777,286.17
agm004827192,Sm4CSI2,8,120.54,1.3506,269.46
agm060222118,HfTa3Re4,8,29.32,0.4922,222.56
agm055590294,HfTa3Re4,8,28.93,0.5007,222.15
agm032819896,Cs3Nd(ErS3)2,12,137.05,1.3308,290.17
agm077681978,Ac2TlAu2,5,74.85,1.123,181.37
agm037083652,BaNa2SnS4,8,227.79,1.5122,431.6
agm002331192,Ca2TlZn2,5,68.16,0.6725,302.66
agm129282925,NdYGa3Pd,6,75.16,0.7171,308.78
agm050284170,La4AlTe3,8,104.74,1.0397,251.7
agm005221960,NaY(MoO4)2,12,436.44,1.8902,703.6
agm002227516,TbNiPb,12,90.72,0.9876,245.94
agm017615571,NaLa2NdHg4,8,50.82,0.7498,201.06
agm034581663,Tm3Zn3PdPt2,9,79.9,0.8305,261.27
agm002158911,Li(HfS2)3,10,197.67,1.474,404.13
agm001208887,HoLuPt2,4,60.19,0.7849,207.49
agm020076866,TmSiNiAu,8,84.64,0.7984,299.68
agm078556960,Cu(AgI2)2,7,102.36,0.916,306.53
agm045178943,Tm2CdInAg4,8,45.35,0.5685,246.29
agm090187818,Cs2TbF5,16,299.61,2.8195,406.15
agm002157977,Ba2LiIn,4,50.32,0.6563,226.59
agm072896699,BaLi6Cl8,15,403.52,2.2236,638.7
agm003160832,YAlZn,3,45.57,0.4822,380.75
agm003439637,Er2PuRh3,6,67.18,0.7797,233.26
agm003163772,Y2AlZn,4,48.25,0.5119,340.98
agm025126093,TbHo2ScHg4,8,48.15,0.6949,203.41
agm002199757,Ce(BRu)2,10,90.32,0.6792,428.71
agm022807226,Li2Mg(GaCu)2,7,105.63,0.6691,492.41
agm015431317,Er2NiSb4,7,61.09,0.7364,258.16
agm109566609,PuTlF6,8,312.9,2.578,459.94
agm106847753,Cs2Zr(AgS2)2,9,129.79,1.1908,302.0
agm093112642,Ta4Os3W,8,43.86,0.646,222.52
agm097611229,Ta2OsW,8,50.02,0.6717,222.18
agm075432085,NaAuCl2,12,211.8,1.6774,398.73
agm003450865,Th2CuSb4,7,50.91,0.702,234.46
agm099112158,Pr2SmDy,8,6.51,0.2898,201.01
agm091493430,La4PS2Cl,8,189.08,1.6247,325.09
agm125371953,PrSm3Dy2,6,5.54,0.2825,196.14
agm064448411,ZnAgPO4,7,415.66,1.555,771.49
agm108714143,PrSm2Dy3,6,6.38,0.292,196.32
agm003603534,PuTeI,6,92.6,1.156,223.59
agm108409922,InBiPb6,8,15.69,0.397,179.49
agm112319546,Sr2H3F,6,277.33,1.465,576.01
agm004761381,K2NaPO4,8,380.67,1.6969,668.54
agm003204658,YBiO3,10,254.43,1.888,455.79
agm040231314,NdDy(TmZn2)2,8,30.9,0.4872,251.72
agm122822943,HoLuAu2,4,101.43,1.2659,217.26
agm004821202,Ho4Sb2TeSe,8,95.51,1.1117,244.52
agm105229400,PuCoF6,16,390.37,2.41,591.53
agm005633556,TbZnRu,6,81.08,0.8032,287.82
agm005956158,Th(HPt)3,14,62.87,0.552,381.46
agm003180824,MnMoIr2,4,44.67,0.5485,284.81
agm070008800,ThPaCu4,6,43.05,0.5282,280.52
agm088452425,NaInSe2,4,164.83,1.3255,364.0
agm003598695,SrGaPd,6,102.35,0.925,302.12
agm042989936,Fe3Ni2Pt,6,25.86,0.372,385.71
agm004686236,Cs3Y3HfS8,15,154.91,1.3639,337.77
agm002167234,Nd2InNi2,5,76.02,0.7851,287.51
agm078212091,CsK2InBr4,8,168.99,1.9668,288.18
agm005026140,CsPrZnS3,12,144.67,1.3548,334.44
agm128711747,Fe2NiPt,8,39.49,0.4367,356.81
agm001331668,PrNdCdHg,4,48.2,0.6769,203.73
agm126636655,LaTb2Pr2Ho3,8,7.53,0.3036,199.35
agm003417807,Pr3Cd2Hg,6,42.91,0.6044,210.05
agm002277278,Ce2Ge2Ru,10,85.87,0.8858,291.36
agm002214698,Zr3(GeRh)4,11,82.94,0.701,335.92
agm078599269,Pa3SeS2,6,111.23,1.213,270.75
agm005852503,Pr(CdAu)2,5,90.95,1.0249,238.15
agm005205511,DyTmNiPt,4,89.79,0.9689,252.67
agm057892163,PrEr3Bi4,8,68.78,0.9768,204.81
agm074570661,NaSnP,9,147.3,0.9718,401.52
agm065191623,PmYAgAu,4,108.46,1.1534,246.93
agm001317171,PmYAgAu,4,78.4,0.9301,227.26
agm124028288,HgPbO2,8,187.52,1.3678,386.78
agm001844717,PmNdHg,3,35.07,0.5802,195.29
agm041013382,Nb2FeRh5,8,58.18,0.5897,335.0
agm077823293,CsRb2SmCl6,10,221.89,2.2354,347.85
agm002300245,Er3PbO,5,147.57,1.7305,255.75
agm040145733,CeHo3N4,8,234.24,1.9038,391.36
agm004837884,HoNp2ScAs4,8,111.42,1.0173,280.29
agm052096522,Ta3AlRh4,8,69.98,0.7015,288.86
agm005187947,TbSmInPb,4,64.9,0.895,205.82
agm002316157,Ba(SiPd)2,5,99.7,0.8149,334.61
agm145184487,PrAl2IrPt,10,94.07,0.8831,284.48
agm005849038,Cd(GaBr2)2,14,150.04,1.3231,325.6
agm078612107,SmSi2PdPt,10,91.59,0.811,306.95
agm005691825,PaBeTc,6,35.31,0.4618,298.08
agm002225743,NbTe3Pd2,12,44.24,0.5335,295.23
agm031919220,La3Cd2Sn,6,47.46,0.6365,221.21
agm005201449,NdSmRhI,4,123.91,1.3701,247.06
agm002338999,NdGePt,6,83.16,0.934,254.69
agm002152076,NdGe2Ir3,6,49.83,0.6116,255.88
agm028456012,NdGePt5,7,49.73,0.6252,238.83
agm145376174,LaTb(PmSm)3,8,5.92,0.2845,198.32
agm003103742,MnTlTe2,4,59.34,0.6766,252.25
agm054559041,ErPu(BeGe)2,6,76.96,0.7,327.02
agm012278297,U2BiO2,5,118.81,1.486,245.1
agm005104287,RbPmO2,4,274.28,2.3224,419.74
agm045865539,Tb3NdHg4,8,43.85,0.7173,191.89
agm004824539,Cs2NdDySe4,8,125.98,1.4071,253.62
agm042139484,PmNd(SmTl2)2,8,26.24,0.4972,185.04
agm003721904,SiClF3,10,683.53,2.0166,1105.2
agm002257446,SmBeGe,6,92.41,0.754,353.97
agm041124750,Hf2ZnIr5,16,56.16,0.6963,242.11
agm003557528,CaTb3Te4,8,106.63,1.1725,250.55
agm025866440,La6CeSm,8,5.45,0.2702,203.85
agm100992796,NdEuPdPt,4,99.39,1.1016,238.83
agm004743305,YTh(CuSi)2,6,70.1,0.634,340.96
agm153982076,La2GdBi3,6,77.55,1.048,204.28
agm145453592,ScZnRh2,8,88.42,0.7173,353.6
agm037946481,DyMg2In5,8,42.89,0.517,276.28
agm002201278,La(BeP)2,5,155.68,0.8697,512.28
agm001263196,PrTlCd,3,40.95,0.6162,213.44
agm003354115,Cd3Ag2F8,13,322.55,2.2339,515.64
agm001148752,AlHgPd2,4,36.4,0.4775,296.27
agm002284680,Cs2LiInAs2,12,98.25,0.9576,275.54
agm151105521,NdGd6Y,8,5.29,0.268,204.74
agm005929007,Ac4Cd3Ag,8,34.86,0.592,183.64
agm089395059,SrYbAu2,4,102.97,1.4431,220.39
agm003433936,Nd2YCd3,6,35.03,0.5435,233.44
agm003285129,In3BiTe2,6,34.61,0.514,244.54
agm023580424,Li2Dy(AgSb)2,7,93.82,0.8411,307.42
agm081549750,Nd4SnTe3,8,96.1,1.0825,238.41
agm043843319,TbU2S3,6,141.59,1.414,295.04
agm050526222,CsSmPbSe3,12,120.42,1.3165,260.04
agm125150817,NdHoTmPuSb4,8,80.48,0.9925,231.11
agm026186844,TmNb(InRh2)2,8,70.16,0.7364,284.43
agm002295234,NdGa2Ni3,6,52.32,0.511,371.43
agm005636917,Nd2Ga3Ni,6,70.83,0.6579,311.49
agm005930293,ThCd3Au4,8,63.59,0.8458,218.72
agm037473143,Dy4MgIn3,8,34.59,0.5229,224.54
agm002233071,HfPOs,12,73.44,0.7478,282.65
agm037359061,Tm4Pd3Rh,8,61.24,0.7566,237.94
agm070480086,CeTeAs,6,86.38,0.8828,260.65
agm005015848,PuNiGe2Ru,5,57.59,0.6074,302.3
agm051994512,Mg4Pd3Rh,8,96.01,0.7231,379.94
agm005891890,U(PaSn4)3,16,26.56,0.4705,224.2
agm003741347,CsTlF4,12,293.03,2.623,432.07
agm005755114,Y2BiPb,8,87.57,1.0581,227.03
agm019614416,ScTl(PO4)2,12,445.94,1.645,802.07
agm004927531,Tl2CrAgF6,10,254.3,2.3239,404.44
agm005556186,Mg3(InPd)2,7,95.67,0.7452,348.26
agm105260333,TaNbTe4,6,75.06,0.745,277.36
agm036870340,Dy3Mg2Co,6,34.23,0.4725,276.24
agm003268013,Dy4Mg3Co2,9,39.1,0.4912,294.73
agm076228628,TaTlF6,8,296.28,2.428,443.35
agm004728764,SmDy3(TlS2)4,16,139.46,1.2996,286.73
agm043009954,Li2GaSbPd4,8,111.61,0.8395,355.08
agm005695270,DyTcB2,16,94.44,0.6546,430.61
agm031722769,TmMg2ScRh4,8,94.41,0.7897,329.72
agm003475329,CeSi2Ni5,8,46.65,0.4359,434.98
agm048110432,Sc4TlCd2Os,8,52.34,0.5637,289.58
agm006099280,Nd(AlFe)6,13,53.1,0.4477,468.15
agm069155647,PrNdPb,6,64.46,0.898,197.6
agm048531382,Pu2NpAsO4,8,155.65,1.314,314.58
agm005759753,ThSi2Mo,16,60.35,0.605,318.11
agm002205461,Th3Co2Ge7,12,63.18,0.6418,289.64
agm007454369,ThAl2H,8,72.65,0.5971,378.43
agm018389155,MgAl4HgSe8,14,170.36,1.0825,429.68
agm005677282,HfBi2H,4,43.07,0.574,239.35
agm104134497,Li2CdHg,8,96.44,0.7923,330.13
agm042399385,MgMn2Tl3F9,15,293.48,2.4415,446.32
agm003560548,Ac3ThAs4,8,98.95,1.177,230.05
agm035051170,Cs3Pm2HoSe6,12,138.15,1.61,267.12
agm005994145,Ca4PdPt2,7,104.13,0.9049,285.36
agm005840845,Ca2Pd2Pt,5,109.12,1.0263,298.23
agm005821878,Th2Ga2Hg,5,49.62,0.6511,226.17
agm003617978,HoErGa2,4,59.02,0.6612,266.39
agm001235364,TiGaAu,3,92.41,0.799,310.13
agm150858352,Nd6MgIn,8,17.81,0.4005,220.72
agm003062734,CsTlF3,10,258.56,2.7255,358.73
agm005865776,Tl2AsF5,8,282.11,2.1449,426.08
agm043773811,HfV(SiRu2)2,8,68.5,0.6096,348.43
agm049920343,Cs2LiScAs2,12,100.7,0.9669,286.99
agm006120928,Cs5TlF6,12,240.21,2.9965,327.18
agm053440315,SmEr2SbP2,6,108.25,1.084,285.44
agm001354261,TbAgHgPb,4,59.45,0.808,203.61
agm088443265,Cs3KRb4F8,16,305.6,3.1041,400.63
agm041490587,Th4Ge3Se,8,89.37,1.0105,238.39
agm040974063,Th2Co2Bi,5,49.38,0.6572,248.33
agm093113602,EuYSi4,6,87.23,0.664,404.91
agm048028638,BaSm(PbAu)2,6,81.0,1.1303,196.53
agm147773810,CsPuTlCl6,9,187.7,1.9757,316.55
agm115683631,Tl3RhCl6,10,139.86,1.438,303.45
agm001106106,GdHRh3,5,97.36,0.772,374.03
agm034437113,Cs2Zr(BiTe3)2,11,54.47,0.698,221.2
agm031409640,K2Sr(TlBr3)2,11,161.47,1.8646,275.53
agm005982947,K2AsF8,11,432.01,2.4148,730.65
agm152619685,KAsF5,14,489.14,2.4324,709.91
agm005203706,TbAgSbH,8,78.63,0.7189,318.94
agm001262119,GdSeF,3,201.45,1.918,340.86
agm004556408,K2Zn2Te2Se,7,125.01,1.039,345.24
agm057176463,PuMnCrP2,5,85.85,0.6811,365.82
agm025219562,Pm2Pr2NdY2,7,6.47,0.2864,218.65
agm005185073,LaHoTlAg,4,38.83,0.6031,206.54
agm004521240,Ce2Si4TcNi3,10,65.16,0.5715,392.98
agm005194105,LiPuCdAu,4,78.25,0.9516,245.17
agm084090765,CsLiNpI6,9,143.04,1.6594,248.29
agm016056524,Dy3ZrN4,8,233.26,1.8632,417.21
agm156559467,TbSmDy,6,6.49,0.296,196.48
agm126715289,TbSmDy,6,7.36,0.305,195.99
agm009717497,Tb3(SmDy)2,7,7.15,0.2993,196.56
agm040667169,Tb4SmDy3,8,8.34,0.3182,197.73
agm069799724,TbSm6Dy,8,5.36,0.277,194.38
agm043929767,Tb3Sm4Dy,8,7.34,0.298,196.12
agm100398574,Tb3Sm4Dy,8,6.6,0.2935,196.03
agm002139927,Y2CCl,4,238.11,1.63,451.62
agm005951549,Sr2IrN2,5,242.79,1.8096,403.34
agm123092971,TbSmDy,6,5.73,0.286,196.02
agm037400332,La5Pr2Tl,8,13.96,0.376,202.93
agm035219388,Ca3HoIn4,8,55.41,0.6364,260.99
agm034714048,La2PrTl3,6,27.23,0.5161,185.85
agm071194330,NaYSe2,8,182.14,1.5775,366.16
agm004876165,CsK(FeCl4)2,12,298.98,1.8424,475.59
agm003271486,TlPRu,6,44.87,0.5279,291.09
agm046042510,Pm3OsI3,14,121.21,1.4071,234.34
agm005707178,Li2NbPt3,6,95.83,0.8715,301.8
agm004628433,Cs3Nd2YSe6,12,156.44,1.608,274.98
agm069679986,CeZn4Ag,6,45.97,0.5123,331.41
agm008932377,Ce3(ZnAg)2,7,58.31,0.652,270.9
agm019733061,LiPaCl5,14,269.83,1.9312,453.56
agm003180388,TlInPb2,4,38.91,0.6266,186.31
agm004618073,Cs2Rb3InI6,12,117.89,1.771,219.37
agm004618076,CsRb2(InI2)3,12,118.11,1.4785,224.46
agm129924265,Tl2In2Pb,5,23.31,0.4726,196.15
agm003180378,TlIn2Pb,4,34.06,0.5695,201.83
agm009063471,Tl2(InPb)3,8,38.41,0.6108,195.23
agm002255295,TmGa2BRu2,6,56.79,0.5638,363.1
agm108532090,Tl2In5Pb,8,12.24,0.3479,211.88
agm130714662,TlInPb,6,17.58,0.424,192.39
agm081106875,Cd2TcF8,11,396.74,2.248,609.0
agm004820162,Na2TbSnTe4,8,106.52,1.033,274.76
agm005738265,MnGeBr4,6,196.25,1.312,373.66
agm005688266,Mn2GeBr6,9,164.29,1.381,379.34
agm005193664,DyYMgCu,4,34.79,0.4778,292.65
agm124436384,Dy3HoMgZn3,8,33.14,0.4718,256.06
agm047247737,SmEr(ZnIn)2,6,46.71,0.5923,262.97
agm020355909,PrSmTeAs,4,106.05,1.141,256.77
agm002274898,PrGa2Pd3,6,71.08,0.688,307.29
agm005726887,PrGa3Pd,5,71.24,0.6825,316.31
agm038942079,Cs2TmBiSe4,8,112.35,1.1731,244.31
agm001355930,ZnFeNiIr,4,46.38,0.5026,339.13
agm005780528,NaThCd4,6,45.64,0.5946,249.66
agm069365614,AcGaCl,6,128.82,1.2472,272.23
agm004824520,Cs2LaPmSe4,8,141.75,1.639,266.02
agm002233696,SrPPd,3,126.45,1.0,345.39
agm003614074,KAcTe2,4,101.81,1.276,224.65
agm032586777,Na2Th2PbSe6,11,142.51,1.3228,282.75
agm001839018,NaTlHg,3,72.18,0.892,225.45
agm004685598,Na3YNp3Se8,15,146.78,1.5049,301.27
agm001242664,GdYAg2,4,50.69,0.6229,246.0
agm004791462,Pm4ZnCu2Ru,8,69.98,0.7754,264.83
agm155882635,ErTmAg2,8,41.91,0.6039,225.73
agm004844064,Tb2PmNpSb4,8,90.2,1.0397,233.23
agm055302286,PrMnNi4,6,65.04,0.5642,388.13
agm070047456,Ca4GeSb,6,97.88,0.8205,348.62
agm002388644,Tb2BPd6,9,112.19,0.958,318.96
agm033912428,Mn3FeCo4,8,37.58,0.4107,449.4
agm002351189,PrSn3Pd,10,66.63,0.7315,260.08
agm038577033,Pr2SmYMg4,8,14.04,0.3384,282.99
agm006019015,DyNp3S4,8,137.7,1.3795,288.56
agm041246426,NaTm2In3,6,50.31,0.6186,236.48
agm003057949,InSnCl3,10,175.98,1.411,370.28
agm009765684,Ca2Pb3Au2,7,77.69,0.9862,214.0
agm002142790,InSnCl3,10,191.25,1.4172,371.6
agm005187872,NdHoMgHg,4,35.7,0.5373,219.85
agm087208340,GdB2Ir2N,6,132.78,1.0195,345.08
agm109309655,CsRb2TmI6,10,130.15,1.7659,229.68
agm127709966,Pm2SnGe,8,83.79,0.8716,252.12
agm088582206,CsClF4,12,342.22,2.0545,565.95
agm017411118,Ti4InGa3,8,36.65,0.4098,388.73
agm002352511,Ho3Ru2Au,6,71.32,0.8427,231.71
agm040905713,Cs2Rb3TlI6,12,114.07,1.795,212.42
agm003310695,Pm2Nd3Ni2,7,106.56,0.9456,279.29
agm003637752,Pm2NiCl,4,155.62,1.5145,306.81
agm003206356,K2NiAs2,10,123.71,0.9123,363.75
agm151254141,CeDy3Sb4,8,93.65,1.0195,240.84
agm052743208,CsLi2HoSb2,6,84.27,0.8431,264.95
agm003268200,SmMgGa,9,60.03,0.6203,310.14
agm005937092,Sm(MgGa2)2,7,68.0,0.6069,360.92
agm012320841,KRb(AuI2)2,8,103.65,1.1925,238.93
agm109420603,GdYNi2,8,105.01,0.8012,326.81
agm102584902,Ho2ThPaAs4,8,100.25,1.0285,260.16
agm003560131,Nd3DyS4,8,170.45,1.528,328.5
agm140265864,TbTm2Cd,8,21.32,0.4382,206.73
agm003607965,CdInAg,6,17.49,0.358,275.18
agm038317940,CaSm2ErCd4,8,40.38,0.5534,229.59
agm107766096,AcPm5Nd2,8,4.19,0.2612,193.34
agm002266588,Th(CuAs)2,5,71.27,0.6794,318.38
agm003615677,Cs2ClF,4,205.76,2.752,303.11
agm019965917,PrNdIrBr,4,125.48,1.5505,244.87
agm134983604,La2Nd5Y,8,6.55,0.286,208.56
agm011546491,Cs2U2SnSe6,11,110.31,1.188,250.97
agm050945709,La5NdY2,8,7.44,0.295,214.5
agm013615946,La2NdY2,5,6.6,0.2788,222.82
agm004585222,Cs2Er2NpSe6,11,122.3,1.364,256.87
agm013863086,LaNdY2,4,8.61,0.301,228.75
agm128964277,La3NdY4,8,8.56,0.3025,229.12
agm009934950,Pm2Nd3Ho2,7,6.4,0.2929,198.22
agm046264578,LaSc(ZnIn)2,6,49.27,0.5583,301.28
agm004752322,SrLi2PmPt2,6,103.94,1.006,284.44
agm003201584,CaUO4,6,266.41,1.6085,494.17
agm013031051,Ca2UO5,16,375.25,2.3253,555.79
agm156706328,GaPbF5,14,359.18,2.0306,564.51
agm009368874,Nd2In2Ag3,7,56.53,0.6635,251.98
agm014456244,Nd2InAg2,5,66.12,0.7467,242.08
agm050198488,CsRb2TbBi2,12,77.81,1.0664,196.62
agm002357255,SmHgPt,12,69.8,0.8883,212.17
agm096322778,Ba4BrN2,7,190.87,2.0314,313.82
agm106079823,SmPuBeGe3,6,81.59,0.721,302.38
agm098668684,Eu6Hg2Ru,9,62.64,0.79,208.51
agm004824519,Cs2LaErSe4,8,121.57,1.4123,251.74
agm134670209,TiV4Tc3,8,30.56,0.3884,387.56
agm017862994,Pm2Np(AsN)2,7,169.19,1.4047,341.51
agm019099683,NdDyCuPd,4,95.94,0.9689,271.76
agm002330327,Gd2PbBr2,5,134.89,1.5505,249.7
agm003700861,Ac(Mo3S4)2,15,80.66,0.6123,409.96
agm033775719,Nd3ZnAg2,6,49.03,0.6323,236.91
agm040442261,Cs3Ac2DySe6,12,131.14,1.624,244.96
agm003695805,Tm(GaCu)6,13,27.95,0.385,376.72
